-0.03417622505595108,0.06562247881160477,0.07332048213494863,-0.0971551060128219,0.1970324817835983,-0.2155135269421296,-0.008367881084572815,0.04286628585627805,-0.06654263935111855,-0.01602410086259214,-0.02118744935440833,-0.04176911404736878,-0.00165547991740065,0.06682418311112794,-0.05175020718810744,0.02640398690930921,-0.04743696923133214,-0.06493342951666729,0.07077339145332058,-0.08959047828448384,-0.1356115993295481,0.1967031322212453,-0.06730697865780438,0.06072883600267615,-0.1427261769518828,-0.05482831020140772,0.2322690060992239,-0.02764837395700109,-0.01816413405665412,-0.01067222195506734,-0.1289188320380037,-0.143443544706583,0.04648769149735446,-0.1403900626017997,-0.162078947060928,-0.1324509475949977,-0.05941062599859571,-0.08770470638520046,0.0621561013219319,-0.04904607052635012,-0.036548774631667,-0.03425920783747597,-0.004196035701491491,0.01350739578068721,-0.01556166447503513,-0.02996466123854539,0.08714604551849944,-0.06088189349700822,0.09895266600819461,0.08056959975540393,0.06537855685969302,-0.06124269120758805,-0.06725022261776209,0.158824367478019,-0.07697893958306887,0.05867688188065077,-0.04207080073143581,0.02768311972663882,-0.0217776648379014,-0.02490260027848653,0.05565553766079401,-0.01250320485428803,-0.02145333375108194,-0.02173823850256223
0.01832672398343194,-0.2821163610400997,-0.1176581336395824,0.1388605371160408,-0.02676427524383929,-0.1223063512854945,0.1832173802566207,0.06117964968631906,0.07390884682605015,-0.002677182715783641,0.0370195172309663,-0.06485886886508586,0.03265731268990497,-0.0227193482725874,-0.05045738748457886,0.0810628470667744,-0.09179810317150645,0.01050546082324562,-0.06001720336297905,0.08630716117541856,-0.006782845071014038,0.02912568523637649,0.1099651966796569,-0.01142323987152932,0.1866236253571474,0.2116699631741605,0.08418907833526235,-0.04347236755248088,0.083078676679543,-0.08829529521165357,-0.05775058896140303,-0.0903779281329225,0.1406330288337729,0.006576881372827692,0.08735450543901757,0.08459865772604508,-0.1236779682193827,-0.2597326066106734,-0.1975248511460287,-0.1407040359908394,0.05462190834183188,0.05777513071225927,0.02289944821200754,-0.02417488745351092,-0.0154403860027101,-0.02030923780974179,-0.03739827603885552,-0.00379401895855494,-0.07041924130277477,-0.09381338928789586,-0.07960227239515502,-0.002090666630365341,-0.0379077100521009,-0.05996940586002172,-0.09376241789475405,-0.06217330338895176,0.03274132987494645,0.02776667909631753,-0.02163515309472657,0.02751791421020522,-0.03133508236055128,-0.04268861382261026,-0.05370163369474873,0.04224362950685789
0.069751860398169,0.1310006649648836,0.0504103975409822,0.02653173125233338,0.06982270397976159,0.1662661241362905,-0.02665874842580518,-0.1175724126273182,-0.06290368248955591,-0.07606719833828704,0.03269714295190042,0.06410286309469472,0.04737860502799787,-0.06269326100836659,-0.0399838435205034,-0.02156868245827878,0.09302705045056428,0.1962505843685688,0.05741470102628798,-0.01069721237992996,0.06934661477359291,-0.09686822251755929,-0.1158885544083245,-0.1518587916717278,-0.05096191610689876,0.3588907089046912,-0.1744025197718938,-0.1386890794030799,-0.08737046267705072,0.04287289046818732,0.1033776661233304,0.2947325118083492,0.3005667073287303,0.2882079206977649,0.1974007799099343,0.2717712918008923,0.3576142053787994,0.4040027894345667,0.01422404938130895,-0.1145400823426795,-0.198596514541344,-0.1631530198578608,-0.0764199320537646,0.005723177190300903,0.03441166347681016,-0.01869595092067351,0.02977826681695637,-0.04195180292669418,0.03984524507295485,0.05811503913421733,0.118683353231335,-0.05862232490097483,-0.02584638110998447,0.1442439752226621,0.05645242942629258,-0.05197872098014111,-0.05224253661452203,-0.02724715496013845,-0.0009472598259401138,-0.02166643097840073,-0.0007265243513919425,0.02167009990368549,0.2456370169041734,-0.04105831756452434
-0.124796337984891,0.1806093095341446,-0.1697169523695217,-0.1168742620261123,-0.0298910831694662,0.1876754261825726,-0.03560993758269348,-0.1488018516281421,0.08874547810860094,-0.07395175161382705,-0.02161339130029812,-0.03698025702440111,-0.004264876739881018,0.05265227123071504,-0.08970660318576822,0.03025900036958601,-0.1225010692406519,0.0638065016447559,-0.1307890745690286,0.0410635777663482,-0.0571508894126157,0.07997068096662135,0.007840197998601361,-0.1036940116463294,-0.06109630232374899,-0.100825031577442,-0.1067565326522313,-0.1564720961064328,0.15724661848636,-0.03673175405559706,0.2547432025005298,0.114592575265267,0.001007900821866192,-0.1389050628220286,-0.2164167749875275,-0.2813704556842368,0.0558812578296764,0.3829519810505322,0.3966707095665954,0.4348601085170767,0.2604448885907638,0.08695678738153467,-0.1700892976267791,-0.08050045808249107,-0.04346262849644513,-0.02744098955191325,-0.02898318889994807,0.01573939275924127,-0.06207130280278429,0.02174407461119765,-0.04763355592138069,-0.02229607334986456,-0.05643881182579483,0.1705208553741553,0.1825430573912357,0.07462993037954585,0.02365382787458475,-0.03069995080436555,-0.005821133578675346,0.01264349434247079,0.02458338891595378,-0.04235551508498706,0.0124462929076851,-0.03453045994251914
0.01139269669706661,0.04034948551349993,-0.1238186166110661,-0.02501209982349617,0.1973981292608742,0.2146150873466076,-0.03383635436973376,0.03501755585174025,-0.03964993558437929,-0.05529727527708113,0.2011446886404346,-0.04060686533878494,-0.09258265356199102,0.04226306610810526,0.03794701496791725,-0.02120235588784758,-0.02568036792768198,0.005983875232584285,-0.003322794387413813,-0.08970909634041316,-0.1549922299907009,-0.1717845157195917,-0.1793206739744377,-0.07440384664767012,-0.08690570212290995,-0.09947583526023775,0.01766544284016552,0.02512771868674299,0.05257256456225495,-0.1585724895224832,-0.1660182502811853,-0.1661539458682554,-0.1449346370455885,-0.03603940319993347,-0.08144352376366687,0.01438173247861839,-0.193845116394689,-0.08827221696901441,-0.3430160148558188,0.03391102815187058,0.16692196875883,0.3725973757285672,-0.09966745746685562,-0.04236670172913357,-0.05363471359101973,0.007471862069368888,-0.0385835237334369,0.09047375527593685,-0.0629064616746226,0.1207633423387815,-0.06365566595887721,-0.05698565619628886,-0.06243555979185433,0.07814729572463008,-0.02385232823479644,0.009993220883235038,-0.04878831019384752,0.05862354091250306,0.003430856305766262,-0.01427953823151638,-0.01577503444585382,-0.02070277191206974,-0.02156607933434478,-0.007819529613210432
-0.05701100385722546,-0.02189458827750945,-0.03338986084942597,0.095093813260268,0.1420622104057016,-0.1860853075873256,-0.1397247996030753,-0.06700538767972233,-0.04096411768171147,-0.01297773468257027,0.007304059601263763,-0.01898433293684994,0.0006092188389805187,-0.07234806533878159,-0.08439004423164198,0.07213486304659891,-0.07280086654945755,-0.09403438717679626,-0.1971042927187741,-0.04358015212758587,0.06877359485730589,0.09266181429159065,0.1347515542552949,0.2294320422834661,-0.0769481378250893,0.09247962222301798,0.02785858675532077,0.1441463699725395,-0.2256245263000144,-0.1629037387057576,-0.004250032264732334,-0.1261682577992347,-0.1177148544220777,-0.1131951215687139,-0.1028095460847625,-0.08891219640286951,-0.09393831226640155,-0.1287212236983101,-0.0535034090721363,-0.1552788783370246,-0.1619841401236947,0.06488535089328795,0.1405298005524316,0.1916255482929906,-0.02635582724433394,-0.1274743671393001,-0.06119079288107203,0.02406818985739227,-0.04248584220358232,0.0916116669609512,-0.09177405346747153,0.06007184591887262,-0.08252832638257841,-0.05866452748057752,-0.04951300557652721,-0.03544051055177039,-0.02515682190855061,-0.0230609546805102,-0.01983979048709484,-0.01793415879309191,-0.02486463501212802,-0.02390208307321485,-0.02842531275506778,-0.02331826119518433
-0.04515117587638939,-0.08336454365045176,0.06390757802554026,0.2124866171795254,0.04702352716054026,-0.2067189203327112,-0.01590927657970262,-0.0680079030835191,0.0266198752788957,-0.1207661824053516,-0.1008683567615225,0.01419084806973056,-0.02652230002534742,0.0332967445906911,-0.04002960109011222,0.06366223192017617,-0.04309174845873098,-0.1278870538069948,0.09164867161342333,0.02990995514132877,0.1500003903752125,0.1112871880480855,0.04576780991103618,0.04494574786213806,0.002138395190851239,-0.0367911253214801,-0.1752259611812371,0.2316235514747866,0.03003812891006619,0.1580950772469586,-0.02461233189860737,0.0748625363637255,0.1946674915715623,0.1560274551564051,0.2234852578902851,-0.002142370961125961,-0.1320960676558627,0.1361763967502583,0.0286247774958385,-0.1283735860895833,0.003263660795088608,-0.1992296900489302,0.1017231346336298,0.1329777552032176,0.2903970512667673,-0.02686829494817397,-0.1166902373858957,-0.06934325623698109,-0.04367807605059736,-0.06911714329063687,-0.006748620000941313,0.1174008127583734,-0.05675216782935974,-0.05622880163433829,-0.02332185571046673,-0.02259540324940247,-0.03351317248870898,-0.04123793984856049,-0.005589614013356892,0.001827193270128952,-0.05056324422803377,0.1731005174386332,-0.05717844145689483,0.03448719424822271
0.1050442842489601,-0.1335852750877045,0.2449668905863379,0.1329388362771754,0.2093240163152276,-0.1928383035936027,-0.00917799998114352,-0.0267318679408657,0.06825587052085572,0.04590297404949747,0.09097265424723092,-0.1745704422631603,-0.1552026364099418,0.2083190700299088,-0.1105385089578525,0.03600411236646639,0.01352886454993918,-0.04290054332320681,0.1312624848332689,0.01549269495999572,-0.1518983970723434,-0.04346895814701629,-0.01409272947166723,0.1202509580801783,-0.07762063873509012,-0.03483619106598368,0.1405078992768041,-0.0632997260088054,0.1089011561149198,-0.08722687319346606,0.1036995206602113,0.05588564258107198,-0.2070887471036968,-0.09651258934499868,-0.2366595469747851,0.2112946069337969,0.0143456589998272,0.02876013732314259,-0.02579706363918556,0.06966831771567861,0.08106429263528653,-0.08752314101959767,-0.05875983940812801,-0.2179983214910551,0.1099295667236733,0.1338236760321206,0.09271617812230165,-0.02958976857960667,-0.0743461535424058,-0.07806332827975336,-0.006320802112450369,0.4041903810222284,0.130262787608371,-0.07273040078359409,0.04127230716868088,-0.01618423282068373,0.0496115998978288,0.1576596690923228,-0.02315570025747227,0.06106987725898141,-0.004761059353932375,0.05527593253335551,0.05200517465414399,0.007728726514996939
-0.1076490410958743,0.03861004893325326,0.2682809430628296,0.1784466806158939,-0.2430391235199677,-0.04442591349008562,-0.1195407041891766,-0.04956271105884391,-0.1050848236287495,0.0536060687860645,-0.02645265863793389,0.1220170233808421,0.07957026837005376,-0.1139834154914436,-0.03708400959510194,0.06672353204704218,0.0922174000106355,0.2178416283951712,0.09618201154717354,0.3212331705887591,-0.2101130562003528,0.1383606377085771,0.1090947450083223,-0.02463482486507734,-0.03715135419765819,-0.04506769296740643,0.03507714387530064,-0.05966110154631954,0.168489720453274,-0.01929724289486551,-0.01764672765951319,-0.03186188917405985,0.05344231818153683,0.07984183346797202,0.1595472968096507,-0.02847962669401183,-0.004586572180381138,0.0002641831547182394,-0.07320068885534592,-0.03311745978290931,-0.04060383298331804,-0.08940794505431479,0.02690379251042668,-0.01475572624845306,-0.09785870484135495,0.04330281892367771,0.01869189782358849,0.247260357411528,-0.1376884712349542,-0.104000251328468,0.1159625719822142,-0.07146452918791404,-0.0004075057473864885,-0.06390348642674366,-0.03620048035694184,-0.01175536796348048,0.05626052639777719,-0.0566381136821455,-0.04721102618404636,-0.05401589858355965,-0.01532447295143222,-0.03580898881242864,-0.03222721607412264,-0.03459392475694606
-0.1077815113809084,0.08828688135417595,0.001501352006704981,0.06405215089649091,-0.2221242812685051,-0.144596750922789,0.0656299936962057,-0.04941861262519961,0.04207316897832436,-0.08558436869752606,-0.06631022770063194,-0.01478303784239121,0.09144217042800273,-0.003310866306285631,0.02038383653392095,0.1384625070940813,-0.1023998845478975,0.0646379860909907,-0.03394669367737324,0.1183287305644861,-0.1270965205413205,-0.1063704388382855,0.07712064289703624,0.0381824886773458,-0.01401872951611788,-0.1360077290752126,0.0823230506317254,0.0642455992000826,0.03894894607365279,-0.05482559319876523,-0.009031073551206747,0.1168949921060461,0.05913193300156711,-0.09784820604299146,0.1037442379681032,-0.03973386802283194,-0.05508860363069795,0.02627065887998883,0.0949213114879523,0.06476708828158895,-0.1225679055836129,0.09728143763976335,-0.004893728295879793,-0.001051127345325725,-0.01986408234471353,-0.04523456545459043,0.08669274015851008,-0.1029490970612224,0.1012495127821104,0.07461431754021076,-0.08563547419042755,-0.07464664514668629,0.044110082556836,-0.00411593683719428,0.0395866236870908,-0.04197036718582586,-0.03957882444821932,-0.04722695458110817,0.1831968807101115,0.06054181264191605,-0.02818849699814653,-0.0177915213529338,-0.02850156568058559,-0.01161023517918942
0.008565629377553452,0.1780900383708744,0.1415535427792244,-0.1358782221887857,-0.1599832068105204,-0.05176504568774062,0.04393750075112374,-0.06048754080864105,0.1294566539219386,-0.0656041257835086,-0.008715442829076103,-0.07652676850127071,0.02272511187488546,0.1625339791316149,0.003353685635667625,-0.06616682281313324,0.1408438576070263,-0.05689194699588829,0.06862297083821378,0.01494600404819035,0.001496279510932674,-0.02692544248622086,0.006534605157776485,-0.09156369046653084,0.004122631363226825,0.1252630165017536,0.09951569000639077,-0.06530033103939442,-0.02188262811098957,-0.01870579936961536,-0.2021418480066504,0.0290021187111984,-0.08779966295169639,0.04185913141733472,-0.02645293816931316,0.109519281671098,-0.1789618311341503,0.005139012329485132,0.1415940156712274,-0.01509531072463918,0.008128176450404256,-0.006414628362926986,-0.09012687361493482,-0.08573453253670357,-0.03845035562925378,-0.03779108449073409,0.1566981139741497,0.103246182254613,0.08265143365902225,-0.06101162968584472,-0.05990033314671214,0.02522355924548832,-0.02891065023472513,-0.03059130101737585,-0.04279546052482255,0.1180697569475993,-0.0397087552548994,-0.03133528641639137,-0.04270386138363183,-0.02369506770572329,-0.02364428894076627,-0.01891702749330511,0.03081458538881315,0.0992299171794969
-0.1562413561080525,0.09144193073457263,0.1000367452370551,-0.1359656968678457,-0.1429826304736851,0.08338677116781934,-0.08632500520888331,0.05970318165579402,0.03363574053328611,-0.2030755047101431,0.1932723094996485,0.008286920072033133,0.1389081573880342,-0.06160941819676047,0.1247721567592084,0.1135350976207447,-0.1022919329411144,0.1313746864725105,-0.02421050933668978,0.0332059574462984,-0.06303340331020457,-0.1846360213096809,-0.004364636181204973,0.1942287074666775,-0.05022932420512238,-0.03444058134849717,-0.1081666178368237,-0.1411332359998104,0.08201153049977344,0.04199536871226356,0.06519212293115306,0.08362337915463836,0.07248762106484069,0.1567265758180552,-0.06296187662388947,-0.01462551206013998,0.01241658564669612,0.1054024179943978,-0.1669525705568229,0.07392122363440132,-0.04028877221074623,0.05842128205907057,0.1012615388606632,0.101576868137031,-0.08408592495218602,0.0540670270731784,0.01279607017780357,-0.07732131700385622,-0.09259013485104575,0.04375642814761194,-0.07341006484877581,-0.03327870928007908,-0.01866151585899558,0.02031910239264814,-0.01345746053655217,0.02607107034999726,0.02410794474479622,-0.02789741120215191,-0.02638301189530119,0.09316097442052841,-0.02106448607777093,0.01207453101652108,-0.033909544353783,-0.0470216220256603
0.1232093797582371,-0.01508780720103253,-0.09392916982370098,-0.01036098090992921,0.03575342148190791,0.109262848630145,-0.07912390517363332,-0.07944079124539738,0.08486268437301447,0.08823945604981143,-0.02356113557467565,0.1027697742928987,-0.1508075430871353,0.01528315528128943,-0.1227405433076594,0.003270278188612141,-0.06137114243358766,0.05586292771030255,-0.06371809481766511,-0.1145826415207211,-0.1147146210598056,0.1642678664803045,-0.016073530550618,0.02646945973037168,-0.1144669922641493,-0.1034183121388294,0.009363010652296694,0.06619686750102302,-0.05813424616156096,-0.03181517573380854,0.02608854853048093,-0.00539501827124636,-0.0668368926121905,-0.1438791354208752,-0.1327599049915518,-0.01141468480485497,0.02412309131578272,-0.1788799217125868,0.06761233645006975,0.04881169896328855,0.1534464445683289,-0.09589399939420705,-0.06486087774381089,-0.06661402102857719,0.06235586921921218,-0.01063553801910722,-0.06367492403208749,0.008418849044776106,-0.02648395889131026,0.08025275718980285,0.09574489669209908,-0.03859267894296459,-0.02839353248991855,-0.03233432343006255,0.02443169172970776,-0.04381836972334974,0.102397549190004,-0.03231004824289291,-0.03135200586455242,-0.02939402455434271,-0.01992629648839001,-0.02053215354632151,0.04453287415897848,-0.006582483498552887
-0.04160636762309572,0.04882326069546045,-0.2106529544433612,-0.2773527064259251,0.1327232103016102,0.06976036845570355,0.0476199719687983,0.1356322016097428,-0.003349190944194613,-0.02022178984211997,0.03854647018659241,0.002493924702377526,-0.003410444210415142,0.06686238914035003,0.1106950748790696,-0.04280280534952419,0.07760054784925052,0.116303498877445,-0.1122996031547568,0.07332604499791717,0.03207251556762308,0.05540323574402228,0.01307984912436227,-0.01371314884142316,0.1200908684296109,-0.01009143130524506,0.03887677054184996,0.06598336080113756,-0.02870659773448622,-0.05449261908208233,0.03785140960767655,-0.1330727652155353,0.0969245804279181,0.03906798185844215,0.05288265309739723,-0.1002317987117945,0.1426834770422335,-0.08446472026533144,0.06399232182663653,-0.005727372882073423,-0.1388265643703274,-0.08871750605517516,-0.06362835811382186,-0.06756187902160471,-0.01044437648298438,0.08986591894820392,-0.06632506511085444,0.1184413675302953,-0.09730960513209071,0.06534573223176821,-0.0227042124963488,-0.07109166753582907,-0.0362305504248001,0.01418895309845067,2.784025364107462e-05,-0.03408526739306929,-0.02886717788199071,-0.03904766042038719,0.06114865296206302,-0.06549478766890517,-0.0467736210979671,-0.03651349436997233,-0.02474222116959446,0.007136706371313695
0.05782398113660009,0.0949536153236018,-0.03486198143848845,-0.1868214339051497,0.01839484362076982,0.1258170347697595,0.07444129837983227,-0.02934845752183712,0.04133562025893101,0.03047650306804639,0.03058767885122426,0.04011399730732512,0.03345022769966499,0.05530327108020305,0.1231640040018814,0.09692372696605289,0.04058668319749348,-0.1283188522732875,-0.2203245478623261,0.03094500883230128,0.1477529027853933,0.1413933150054766,-0.2333242652081922,0.01224749858125734,-0.004063110343066334,-0.09931075619360591,-0.02517619009137925,0.09456486236986195,-0.117044768004915,-0.1405207777650403,0.07160754202794412,-0.08466025463035154,0.05610675370784324,0.0398739276939874,-0.01892284484966419,0.03694933490974583,0.1220244879508547,-0.07828021655030368,0.05244743309780592,-0.06835044726745362,0.03435914063168033,0.08149552962543657,-0.05680774458373247,0.06135278113864079,-0.09573531641111688,0.01050085719401304,-0.09495837794944811,0.03397913524070208,-0.06918502847240315,-0.01400975818973652,0.1461056354324139,-0.00196405956588297,-0.02443817075732148,0.0451836893900676,-0.0546585758816371,-0.05187728218496207,-0.03186001515062849,-0.04667320351083101,0.09732795307929051,0.098091712366002,0.0275867897205609,-0.07923364553470984,-0.004434114164854328,0.001113182104099053
-0.09196917207330974,-0.1197254769164837,-0.1084241389288104,0.1208034768795363,0.1323011016801287,0.05975740819393582,-0.06805382863753784,0.03339032459314006,0.02188017228777894,0.01469874917677572,0.02403523460553914,-0.1013166544482508,-0.02235554933131956,0.1057597066706638,0.00994145952453418,-0.04426972765191428,-0.1797922127519674,-0.07544005498154904,-0.1219766160546961,0.02901157022376621,-0.07446493869475784,-0.08255249462412567,-0.04246074750540829,-0.07299647460165956,0.1121992008049604,0.05308556691974425,0.02115035040781527,-0.130227660850425,0.03645825187520538,0.03832501176266279,0.07141339731951202,-0.06680531698801806,0.1233550395826016,-0.02454861934586536,-0.04465823450573159,-0.008733862115785335,-0.02234154468445013,0.04820258653308604,0.07674958122861222,0.0002730323280256963,0.07155263147345622,-0.1197880683551308,0.1559389557127256,0.007008015707079318,0.06200503476922803,-0.09128902046852765,0.032987956546133,-0.003858659524744595,0.02927752370971554,0.0961922426054132,-0.07972454836923222,-0.1252345313286206,0.08135669476253571,0.00739336229318488,0.04863796805017953,0.08176832668959547,0.01515166885983357,-0.04833127139886095,-0.09167738725482928,0.2127721100455004,-0.01208213760536064,0.1855095239314317,-0.01192219376718003,0.05360463435964263
-0.06809806833169296,-0.09913921050761954,-0.08906966148850359,0.1263547048565524,0.0713957446535789,0.03605104361757427,-0.0453481992709226,0.02747019642981852,-0.07137044729741127,0.01476893732891649,0.02217718460384899,0.003955993920572221,0.1050813631148887,0.01141885081701777,-0.007106260998565372,-0.01242511459040696,0.06573498785812015,-0.01677154615391313,0.09359919827408447,-0.08038293542688457,0.2611003945462132,-0.006275098941913526,0.2444416700769015,-0.06523656640712652,-0.0392184575592395,0.03711353704007431,0.01679531502143844,-0.06994715985969482,0.03450208862877624,-0.01749359733912331,0.05173994611282468,0.05207974851354313,-0.02966346096428407,-0.1440675600681458,0.08022695779490144,-0.1254459579450421,0.004902811856520944,-0.1202302604764948,0.2100086752929863,-0.2061471184952223,0.1648376906919,0.03218118132023526,0.1343685561139445,-0.1063012941444724,0.04839889811035833,0.04994494517197935,-0.09671852408822414,0.007581615054282426,0.02290165013420747,0.001426148453266413,0.006880236035228054,0.1118656706835267,-0.04155573759688935,0.1369243852831694,0.02652790676383068,-0.1011932878852186,-0.05514925752979253,0.07280195358163666,-0.07679491832907705,-0.02289579191941035,-0.07478771226383088,-0.003899057684110571,-0.07839094881105345,0.004004570634607574
-0.04448963909658032,0.03529928335125387,0.2183800296735818,0.097942163915267,-0.08838134635197226,0.04208643156614744,0.03544201554293025,0.02645252783289487,0.02015642268477869,0.01444282099843619,0.02901461417949602,0.07184771533987222,0.03094141463128941,-0.01385124020148953,-0.1108660843918072,0.004867834903715673,0.06721988312339588,0.1854525898491822,-0.1121871853266346,-0.07375646431368205,0.007088990547080842,-0.1209642809058248,-0.09079564695574238,-0.1096748725372964,-0.08806130554421324,0.05481092797297787,0.001932811632454068,-0.01314728559786565,0.1283957863150769,-0.010994057198285,-0.06007315035531913,0.008866614124168726,-0.07201582080888549,0.08745091592697596,0.121768601003185,0.005277407891286501,0.1161229640574255,-0.04978237319151793,-0.1094658055466405,-0.07045641866859204,-0.002828658761155456,-0.1406447881202746,-0.1358308858139869,0.08405246019609761,0.06269512639089142,-0.1295118355856925,-0.1185959893243453,0.001400031599800372,0.052165638342516,0.1003269848468926,-0.09661154581293692,-0.0225832838483444,-0.09031874064763344,0.1379728148697518,-0.01149210425203495,0.07873530643017043,-0.05786554058308523,-0.05181580774854627,0.1326988834282337,0.05082517508806199,-0.04091464474563042,-0.01130029690732679,-0.05257569110620525,0.08209628971031058
-0.0875768803928253,-0.1075875545273334,0.03439835851258877,0.06823548884623698,-0.0844287103547412,0.06047114776102325,-0.05042341321018984,0.0465308382437648,-0.02338732013222689,0.02686145584862698,-0.04101992348808325,0.07601486466230789,0.06924816321915439,-0.07955081206088921,-0.2035513162372277,0.08262806872754602,-0.04962203028073303,-0.005169732137153438,-0.09265910414932255,-0.03296224073430487,0.06126489146598851,0.03386716483949087,0.1894994071662174,-0.2449048608947918,-0.05394611026857574,0.1515646838744728,-0.03097058770508593,-0.01363306038907552,0.07095623894848685,0.04693104713970864,0.1643380333004109,0.04488247749173246,0.02946492129555336,-0.1929814054903494,0.06077506568227625,-0.04522192258169003,-0.009681099309756303,-0.08301062555504765,0.03216438760590265,0.051803796950847,-0.0144021557310646,0.0677570924540197,-0.02558527715429618,-0.04019746049392528,-0.004883428333568807,0.02755958260974076,0.0575053271621053,0.0822297369312309,0.03835273688118299,-0.05171111865885769,-0.1484273631175343,0.1105542786091966,0.03971436891607696,-0.02337643994168728,0.03526476826623956,-0.0978154721214166,0.05006388284024824,-0.02671147423333005,-0.02018908655557791,-0.03337647519626131,-0.02714230021851749,-0.02957929805593544,-0.04217442651920847,0.005976493856792456
-0.04988731313247119,-0.06924217760508322,0.1074324116007517,0.0337646820333094,-0.02994260021543882,0.06898599211136935,-0.1862994969512709,0.02327043660116745,0.04887606624998242,0.04940168190797734,0.1079821961755978,0.04171568596070918,0.04735469552235028,-0.1265455353554853,0.01205601815983176,-0.07438741876810934,0.1105521833266891,-0.08382297244125481,0.07701820734031778,-0.04855677382816029,-0.07038104121329392,-0.06881647895728799,0.1245131496022126,-0.02818600700253809,-0.1088018893703117,0.1098019139933517,-0.07743393703993168,-0.1390463562563209,-0.07100511633329859,0.01300655746251389,-0.1030402467941542,-0.06451003256170915,0.03663123087001038,-0.009255337904139294,-0.210945754469351,-0.09526812795419884,0.02169014867355534,0.1993973350449521,0.03095858883931518,0.09710262322551186,-0.03576115634019456,0.007156906365658966,0.05642873071033455,0.1041285766748397,-0.01201662438688331,0.07805378598483775,-0.07851774864691716,-0.09998728391634699,0.02914049833620164,-0.01008113108394276,0.03054751547994836,0.01605713013864649,-0.04538950024258395,-0.1014610852581965,-0.008017796896833879,0.06152393352795572,-0.004915412970000831,-0.03202600609584225,-0.01836613544155833,-0.02260456515442826,0.02076921798261495,0.09084248047830368,-0.05100357816450379,-0.005328548346006164
0.0875205893486749,-0.07826839234387473,0.06637132840264348,-0.004566951177808254,0.03549684763225935,0.05095063440309244,-0.1192876969130295,0.02773022380687162,-0.0855521006327763,0.05823633815017415,0.05344048471437546,-0.1192101406228274,-0.2081047882712406,0.04725862159798411,-0.06274969018856946,0.2043878595306376,-0.1070068916555664,0.002283840655948111,0.04480815868446036,-0.08044471303507811,0.02104959131663653,-0.007431293759239233,-0.008300155005493359,0.1107913277382229,0.006069101245488151,0.1257018579398139,-0.02354120386980896,0.1432747867385896,-0.02380583631829458,-0.09569678448961949,-0.08392932164989392,-0.177448623361707,-0.2417659460700833,0.1487825536441457,0.09679732744416991,0.0473523962504187,0.0596959319414363,0.0454422740651621,-0.05867889754288164,-0.1485581971329445,-0.1390052381362776,0.1881725478877324,-0.03262691765979381,-0.09924386826165485,0.05275650266405157,-0.08998626428928777,0.1147491448719734,-0.01112960836777788,0.0003272111418528845,0.06001069170896381,0.09083508483515909,-0.07603521422123447,0.1144182165047771,0.008459938462958838,-0.03292965842446631,0.006704704771102729,-0.07114126959643352,-0.04871658027401035,0.02318873397622659,-0.03110629354854489,-0.03522548199947132,-0.05152958691375863,0.1329121098719113,-0.04698081109047012
-0.01007059005039479,0.05719758927735641,0.037639225185361,-0.06798627775621358,0.03488233481217617,0.008166065365985964,0.01955385620130379,0.05963490587802145,-0.01053793841933293,0.0612119392824847,0.1137565075973022,-0.1290138999110443,0.05482308356442001,-0.04024108261917902,0.2419030647436541,0.02465882119656504,-0.05398721507732074,-0.06158257966345987,-0.02572489966106239,-0.03784639369439458,0.0656394917319742,-0.05272033381120544,-0.06644189982752974,-0.153516892516132,0.1551090873525159,0.01973050700177947,-0.11239102728932,-0.010496279246069,0.07902070529107519,-0.01569322093651876,0.157074156705106,0.04981007954024796,-0.08351068552534957,0.01728805321771276,0.06384632949339814,0.0203749932017887,-0.110005246263554,-0.04403113991936175,-0.02134108714344718,-0.07760142960794719,-0.08322370946581092,0.1795658142001321,-0.148165588489724,0.03377478534805362,-0.05276458127924627,-0.0466341018035244,-0.07454237725713772,0.02681237573087247,0.05534001506172126,-0.07774361713395386,0.02783563980902432,-0.02326743410059648,0.009642031122256506,0.00386385641757131,-0.01046026485417051,0.06785771492468431,-0.1141482593666295,0.07198925357427481,0.003042288127366941,0.02013252919905022,0.01551893517199116,0.0009500043966907956,0.005650925962283983,0.01624317845944725
0.03841255495779661,0.04654006324758797,0.03062685631349871,0.03434834538494458,-0.05288951823448029,0.03328262160780504,0.02705870005582844,0.04762421575066722,0.00191075887676273,-0.03825444780183485,0.03041541543143389,-0.06514082655596165,0.1088967707647114,-0.02415912013587496,-0.1436943932018553,-0.05646064775144655,-0.002785340302739359,0.04090889974343059,0.01106928966453224,0.1905832381706152,-0.1086777742504725,-0.0448572361342956,-0.05952618859538183,-0.06747770683592791,-0.002853351744751043,-0.156275672582843,-0.008013344460760297,0.09886501464772024,0.06192292151880197,0.09455256482127461,0.1086365722618802,0.01505117956062074,0.1763010844094279,-0.008167238356365847,-0.1576755240964133,0.0649688592383893,-0.03783126537371018,-0.03526198462171193,0.1293499175945053,-0.1330252220042737,-0.008784342557542457,0.1321142597086387,0.02539397576683117,-0.09263712043924621,0.004238880524873867,0.1673781604422928,-0.007533111667648917,-0.0278492978608432,-0.1277228164434271,-0.06366373516787804,0.1671700964419185,-0.009426892589759123,0.03956173747939493,0.01721564591288896,0.0457350856529522,-0.01262014911941101,0.1800983497073923,0.04003030051993939,-0.08388760966438158,0.002790923721030528,-0.088073043370024,-0.08527254043687874,-0.0993030801561558,-0.09190448357158272
-0.02091372278333914,-0.1471092286954236,0.0376033654894542,0.03238022757748193,-0.1065312439894355,0.01093761218602951,0.01106098093235719,0.03521942350883678,0.09849442299851441,0.1623697673759156,-0.1913033813100685,-0.002391878365604949,-0.1661642163042481,0.02485282955754586,0.04937408990545977,0.04092373216293765,-0.09238150194836886,0.001976400002278167,-0.2140876347847256,-0.06169540268461898,-0.07303269353436204,0.04497033698592462,0.1895207777514939,-0.02840213335638503,0.1868571240146807,0.02025468899298366,0.05568385632028017,0.344525183937696,-0.1135352689013895,-0.1071812034682737,0.02754956613541371,-0.05126512028552077,0.03819192687188178,0.02548791842415621,-0.05911048014798931,0.08960694133424818,0.06062456916907455,0.03368535680742885,-0.01305249211753351,0.0172884064684779,-0.03970166411795589,0.03186344190371565,0.07120627638925031,0.003728764995474865,0.1161498596475967,0.04270223275225524,-0.04468886453671272,-0.06054561950901871,0.1506952991771291,-0.06296382270917059,0.01905435421538049,-0.1135959076411102,0.03608992254684792,-0.07800828806078028,0.03607385550681044,-0.09091251068542956,-0.06913752608768998,0.04107773247187652,-0.0644175409246498,-0.09157688651407359,-0.05647987644559122,0.01584386499369977,-0.0972978976582585,-0.003913498046326014
-0.04855594993750545,0.06098720949401293,-0.01092905299665159,0.02364803308081476,0.03451352062303958,0.004999095268520271,0.008845633206565284,0.03537850013361266,-0.05506414061643006,-0.08946022289949851,-0.0682138536001673,-0.08057178963200956,0.1279047317498654,-0.04014799503501842,-0.09105651792784408,-0.03209673435504312,0.1825186402826676,0.03528616967045262,0.03418350181442498,0.1553602819545926,0.07257420155781685,0.1420988486041005,0.06442707729220887,0.04167677381394663,-0.02393597781987528,-0.1388898232190674,-0.0146538046261368,-0.03463777779670313,-0.06395306243410176,-0.01216718785327586,-0.05152362496945029,-0.0238964434970127,0.1034974115728644,-0.01557496809926517,0.08190242825013,0.05269315545564834,0.01683313501181594,-0.04593444368672683,0.1959560858783403,-0.03911664477057064,0.0129705024110448,0.1343094007541923,-0.06765055841669471,-0.06014573304734971,0.01022715113227535,-0.04542910709586015,0.006454294980932751,-0.1072423298320998,-0.03612483566616063,0.05841600881175896,0.01040562873215918,-0.08632914817985105,0.00433784859234472,-0.08338304882983762,0.06788157290260577,0.04810037316178101,0.1158446585128225,-0.03541504933284319,-0.03415562507616579,0.06594662695205303,0.1336495881648367,0.2199968419325187,0.1225034439443877,-0.03794970042337859
0.04575710694691038,-0.07974254898059074,0.03651824001142001,0.02986438576698491,0.03727759247173512,-0.04459316078156395,0.079062862296428,0.03827231679807597,0.217411990430357,-0.1162830465837525,-0.1186563468075643,0.09022243416059117,0.04504913404176525,0.05903852610451421,-0.05352794724779902,-0.004328436593899643,-0.02623496088465743,-0.07677363863902398,-0.01097854905583684,-0.1057306189758544,-0.01696628315330106,-0.06967701063675052,0.1199941458661197,-0.07739225777805608,-0.1895429926254473,-0.03585537651226983,-0.1252663962007371,-0.04634854198176064,0.0472802393840045,-0.07844196168086776,-0.113011696163502,0.1315225425073142,0.02343610740691227,-0.01350427911641605,-0.1730824502801565,0.005409771013105802,-0.1538714607371891,0.0401014141007745,0.0509537439757502,-0.09236179315504522,0.04389899029701055,0.02260497469779132,0.04930169080620428,-0.05349202441732015,-0.0118399854503739,-0.005042849813846478,0.03354316376496466,-0.01251379214436804,0.05861619045053887,-0.04065679610923296,0.00729310175957118,0.0001099348218137619,0.06316059262149086,-0.03394060807642171,-0.05364068843653884,0.1158665724850979,0.03535107206654572,-0.107673426034168,-0.1099297908537695,0.1025910532320579,0.1686936322352291,0.1746802935097808,0.3262965347729733,0.0924752373265752
0.004759794959749764,0.03178879649606536,0.04886392401804052,-0.08163341130766621,0.05522937917149839,0.005111667508186146,-0.1274833305235943,-0.08437742586752228,0.128932739178847,-0.03771714493448031,-0.08538494883745001,0.3022112100453237,-0.2025122589624971,0.02822853703747097,0.03137129202903838,0.01922551700494018,-0.003143706644370636,0.1470033100850587,-0.218966833206222,-0.06754094248734094,0.09716241847740659,0.04870208618258787,-0.07278956835150541,-0.0530713124398835,0.08382317404536055,0.09530584459764713,0.07651674269897246,-0.05492197889598155,-0.006713509368565684,0.04692622053523865,0.1625498255893516,0.03683467542251384,-0.1007543992624994,0.04758364871521997,0.05931643235336215,-0.1078039894739672,0.1238080392484806,0.05257892839419409,0.009037053096939363,-0.1369971821385753,0.01732768040680538,0.008213491252155092,-0.06770108966532107,0.0325280571981125,0.05937178901382326,-0.1169251826542504,-0.05364371760405992,0.03138956154773556,0.06693214019525745,0.006810070829735615,-0.07547458640296376,0.006506052741314439,-0.02595486219566022,-0.02146299390945427,-0.01893136103333494,0.1359655096929833,-0.0113182680734005,0.04628559226059581,-0.07950982444483766,-0.1278388787599409,-0.123489275048744,0.1742484388127808,0.04676636813262608,-0.04873564390727961
-0.01739851584545138,0.03060364938317728,-0.01313894820392469,-0.1577151140732592,0.03398555935713909,0.05820692896338275,0.0519811416106577,0.1970705078793071,-0.01014038710150622,-0.2078518913423189,-0.08843028106776762,-0.05058697930587358,0.09567646128809865,-0.05320971374819711,0.02774708397308367,0.06205505850663712,-0.01842018985317534,-0.1212241009958378,0.1063106924972129,-0.05288875097111906,0.09011338211647579,-0.2918776069747047,0.03107683258972449,0.2179407243126359,-0.05934178408548629,0.1121633422287451,0.06697759457825581,-0.01866431965808479,0.03436314798448348,-0.0319685730081839,-0.1729006611938958,-0.07249162709110979,0.1084610783198872,0.1914892803755117,-0.09219711231643457,-0.2166865826525564,-0.1591692687861089,-0.05437032998604552,-0.04508461894959853,0.1774302377629978,-0.03686766674754671,-0.01768146107494356,-0.08615401430891428,0.04243365057463025,-0.03368027626525044,-0.09251524915006637,0.03593890264973501,-0.01430655098031502,0.2433311635566636,-0.1076976281037868,0.08628852087387628,-0.008591310934050203,-0.08793161814444357,-0.04461982611735345,-0.07400805029167215,-0.0640565707289496,-0.09405739144736962,0.07680561619073967,-0.02227384693669063,-0.06092449271311599,0.001009513519417804,-0.1398794458493781,-0.1432468744494788,-0.1180768189225948
0.01837462665358169,0.03403359070040701,0.01708700928633466,-0.01788510474631866,-0.01057136118045687,0.009969512147054105,0.01918074506801781,0.02394596880629885,-0.007604598876483015,-0.1163133637346886,-0.09553861276354067,0.1233030844442518,0.08863271660925376,-0.01954906852512694,-0.08826493040442859,-0.177093176673393,-0.02352606254555145,-0.0154695991561043,-0.1854110858742798,0.07154886041791542,-0.0004594270958383495,0.02121178421294168,0.2270402699314663,-0.1070883220989662,0.01853635474949922,-0.02594976951645911,-0.1155467074483202,0.1784388636805272,-0.1848103547003189,0.01217999729589736,0.09123729539936853,-0.03363691613391651,-0.0642686632688787,-0.0565192575773929,0.05351057664900516,-0.02057898355792892,0.129455266709895,0.07849622373279186,-0.04383576303671594,0.01604877925409726,0.03328064787827612,0.01583814591602839,0.04000045597596741,-0.08052435594190291,0.1181723882045018,-0.07296295382670814,0.08655963080781606,-0.1178151946847354,-0.0843033957545814,0.0705222659748336,-0.07597030320516331,0.1083038574456946,0.05878668507640064,0.08118427344022872,0.03132312527401357,-0.09598705894971042,0.1105588640756366,0.0545955709973833,0.02359865430926003,-0.04596248457408362,-0.04457105892551314,-0.02353658793980047,0.03696974357808838,-0.07010003768650738
0.02339814037665933,-0.07402530320117773,-0.03059685179874039,0.03500543787943655,-0.03607787089456838,0.04385633594244143,0.0896996249156653,0.1509985839474099,-0.3054726286835753,0.1085016027336187,0.06233792452371134,-0.1671253228428178,0.03123200572395551,-0.214382886317977,0.1217576653111493,-0.1075372228940751,0.1335440537442071,-0.0791580441012773,0.02473198550149647,0.07718151869262846,0.1435529506067118,0.1069107314516491,-0.07480663609756311,-0.0007589278120950782,0.01465453340845058,-0.09740989724567917,0.1171390752326625,-0.1225659895440886,0.03476616310099834,-0.1360740871667691,0.1697107931261912,0.07802215964829451,0.1142844410442038,0.03998584081041079,-0.1559326910370924,0.04758036368279195,0.01923416262641242,0.05173142833387279,-0.09953081957318699,0.1038647919536131,0.03384888761725785,-0.1176767629930628,0.1087362581603304,0.03467276394030799,-0.0421670892536137,0.1284467097057574,0.09383196261048671,-0.08343158362158704,-0.05579428839738097,-0.02335017322208065,-0.03542569468683621,-0.05975247942037945,0.0711434861663176,-0.1395868123153436,0.03996654938740038,-0.0400844807503512,-0.09694432150248518,-0.1166814979747158,-0.07113382049792701,0.01906733529845079,-0.004437981045076242,-0.04943362962639528,-0.01422019612310717,0.07403163408086849
-0.01040540831045955,0.03537374728902909,0.02109891996826541,0.0383236134512287,0.04483254748872723,-0.05050364025791609,0.09161901219156232,0.09478872627872847,-0.1809519924554406,-0.08127469252804437,-0.0148164404202743,0.09270720683656064,-0.1043447905078719,-0.005744807235201654,0.1116413411235944,0.06911400630313502,0.003524381376366292,0.06759509006321396,-0.0775489120376785,-0.003811242703029682,-0.01167470183979191,0.0545198235201213,-0.06995684102914745,0.05789144736054919,-0.0796823379002245,0.109508001111101,-0.02014070727480821,0.2445544767741703,-0.02213950750266169,-0.009493466468116551,0.03320639418876969,0.04543465297532456,-0.1582695132585433,-0.05493971758287103,0.08873307220128535,0.1580997335901988,0.1510313439344002,-0.1142419992355633,0.1511040345684861,0.05049868961707998,0.0740953052289432,-0.07013266577859417,0.0228746730263038,0.04925706867634322,-0.02582866546818291,-0.1203833691632496,0.06738270869808342,-0.07864307658511953,-0.08441578991960211,0.1232495062533073,0.08685356450949205,0.003855237626584129,0.007414469784381678,0.1521742311796841,0.005718019609664476,0.1230710366513586,0.1998723206268513,0.150881476316702,0.07067373410159025,-0.08670688957106784,0.1341379417083837,0.003302332237565507,-0.06939984211617209,0.1291590876358933
0.02774640374568271,-0.003414530209473576,-0.0275469952844789,0.05079161692880563,-0.09881968071395941,0.02716293574182671,0.0833533777262554,-0.01768027596765898,-0.03143573188678395,-0.06088375969398407,-0.06827450991203221,0.08907196822972951,0.006641003361804954,0.06539134461956947,-0.0391715969737334,-0.09013890455311835,-0.1223675426763755,-0.05766831339098455,-0.06181586091574154,0.2186775862492637,-0.06960263510796272,0.1652085214481295,-0.04327682978190517,-0.06772298307225411,0.1808876019792957,-0.1584313531984725,-0.1447197216419815,-0.08569974979007433,-0.007161448505969892,0.03953658752453904,-0.1583020531588881,-0.0389772557678193,0.1665257009327781,0.05694407606201957,-0.07956566785432656,-0.0220397408445609,0.03761709643198741,-0.1383476840650243,-0.06983671347699461,-0.1743182524910982,0.04020974234448815,0.1292249963751972,0.04639208596267724,-0.0819814267724733,-0.07953358700363025,-0.0921559859494181,0.04729185062841514,-0.09093360172823697,0.01024111960447832,0.01355841954659975,-0.008147767268411626,-0.061883464225398,-0.04515456150605021,-0.07107650395945324,-0.1009883858395656,0.01668449607427974,-0.0701231120103262,-0.1197481041190834,-0.08028050221543437,0.02290932645173142,-0.03163973531698888,-0.03121120555274594,-0.0173133931963021,-0.09418150939303681
-0.06453230126049891,0.03685847534781972,0.05855039061380685,-0.1142090567982119,0.05557817466292425,-0.05682449784562726,0.06217655085180296,0.1337988122207237,-0.008541633640500756,-0.1702307839862201,0.04702266060881138,-0.06205961298688323,0.1485962621085781,-0.05454130470434376,0.02820935161370436,0.1017669383660969,-0.0647601801904793,-0.06837626546510009,-0.04750829856200173,0.2391364509851525,-0.1110061173725161,0.108851778721755,-0.02926740351124757,0.08067556760872785,0.05766226827334064,-0.01383503517597795,0.0468432814532449,0.05181528682967762,0.03373455887631149,0.04329341094535011,-0.02113847391548146,-0.03100755392948756,-0.1302118498449523,0.09718921101268602,0.09930243719767295,-0.1003469283059128,-0.03764292161001598,0.1049179199099767,-0.05460026132652962,0.1063402092345763,0.003895359030678336,0.08367945940722887,-0.2558447982831308,-0.1358378828411136,0.08452752637886016,-0.03089100203458853,0.003778764231074677,0.01401366645670163,0.09887289478559472,-0.02032645107893236,-0.09884841800592989,-0.01222680011303263,0.1586379587193507,0.01934579968788044,-0.06797116086903709,-0.003793940972838764,0.03532273715351085,0.05735976913354576,0.09071817184094536,0.1106380274713489,-0.04945288573169134,-0.03397806597365894,-0.05926816586659708,0.06120094799211349
0.03831682210743192,-0.06987509646114731,-0.09221772830161468,0.03030025758760335,0.03346994543323478,0.03301446448293344,0.05152707960753089,0.1448330772038487,0.06756867056109761,-0.1162648040670477,-0.001011585357717226,0.003626677812898105,0.0002838557435214661,-0.07103438615033669,-0.02241054878962778,-0.002703848758699501,-0.04600651432999306,0.06578439816391002,-0.07537245782927593,-0.03249926513758694,-0.04577169287159943,0.08323091009968597,0.06801441446812329,-0.07002162949526114,-0.05472744714245115,0.1181004148644197,-0.1106909132963195,-0.13620512646048,-0.01004016138034503,0.03107129591432156,0.08277075272773204,-0.04157214940101567,-0.07044282960823117,-0.1035081533634341,-0.0861877264622935,-0.0690461102333968,-0.05563297160737685,0.004785596571814266,0.1503856421235228,-0.03947735337142849,0.01953904464117062,0.07615541550981764,0.1125919778349937,0.06299914997252029,-0.06117404123759587,0.0542915119046036,-0.04281311368358945,-0.01994137530841747,0.1219030412864973,0.0267266793850145,-0.065337867005304,0.06621731614250835,-0.0312746425672601,-0.05094257550413983,-0.06257033859987757,0.04807951728882473,-0.02811445580331107,-0.02724743859657205,0.05665513952791165,0.05229898880513983,-0.05069496151974494,-0.03216259929070071,-0.005536238780028568,0.1138677647279756
0.02200461926475761,0.03096122071339003,0.03059248667873182,0.04899982480395904,-0.06251927338622965,-0.04162722803846142,0.06304931048491391,0.007919946224587582,0.003868466968425577,-0.1348818421200983,0.1037750766150161,-0.0006159644379348794,-0.06787238630463033,0.0003768155870439993,0.01881550326216785,0.08297010467131788,-0.09314707206831738,-0.0598469094939873,-0.1296495102918484,0.133770544161492,0.05682340311496104,-0.1074915572441338,-0.009557905945417722,0.1169425800951176,-0.1367768959936494,0.1381676663477154,0.05555861298948284,-0.07332315192647709,0.01924983070359287,0.1619401872639088,-0.1409991674576234,0.08284523501311991,0.1397441713425905,0.1443936372057796,-0.1180402148433351,0.0343431236741279,0.1257477512832849,-0.01421531489823091,-0.1377515814455575,0.1298462490368272,-0.1349425631981507,-0.01783222521538969,0.05419684832014432,0.03806184929318018,-0.06443397715854474,0.1481099904347838,0.2060754926517901,-0.1453492325953322,-0.1412928518929535,0.1574546987449646,-0.1072094057148064,-0.01491408879729551,-0.01753865887921427,0.006921008570758488,0.04854464759879461,-0.04392240061506213,0.03013787273199287,-0.0908037141999686,-0.02285962797822251,-0.05451635834779205,0.02490298519951077,-0.02991576174920832,-0.01276337188102059,0.03546673850485302
0.01428750777065468,0.02551626711295862,-0.01588270013654958,-0.03517049470739297,-0.03134048348737739,0.0280911446983918,0.07721214616093475,0.07960893154930038,-0.08007321451680482,-0.04181475934422202,-0.09684423880468412,0.07655734042509105,0.008149838116301877,0.1082164956457766,-0.04612835001616572,-0.009631902555035432,0.1032286772461812,0.0430042258752043,-0.07626525978448373,0.1268709027707646,-0.01195522164404883,-0.1031363116639473,-0.01649297339561351,-0.06189004390774772,-0.0742928848970133,-0.1656452548089367,0.149161485553758,0.08123514079901972,0.06678436351787931,-0.2040637862271255,0.06979116308584699,-0.07176264052270415,-0.05335112952945831,-0.05742949575187983,-0.01395839645728114,0.1822190315978876,-0.1774358892543486,0.1647761924924209,-0.06870201377360957,-0.1805605976151284,0.06221375125525036,-0.05387349393571933,0.05898238360507552,-0.02240008259299028,-0.0255886807732606,-0.1752492852789176,-0.0006589320737044879,-0.0960389230083348,0.05876845485507295,0.09385365288359684,0.04998856602519772,-0.04619438754109702,0.06179697952411971,0.009488206315736214,-0.01821561651347889,-0.0711372424946511,0.05844966772011767,0.02997363957786761,0.1179340896108838,-0.06268535871523172,-0.009274368568326228,-0.0322145109281011,-0.04684847771438599,-0.06610819333409375
-0.07019934845135456,0.01062939350917147,0.01706604488482344,0.03377196763361046,0.03958958759189912,0.001341013642256916,-0.03368340203871767,0.05573813477581036,0.04927864010931804,-0.05157659013074861,0.02579718525026919,-0.00406238605085113,-0.07417040433652522,-0.1400246189226206,-0.05840952303049657,-0.02067837808086442,0.09688991857640267,-0.04911641592948701,-0.07594113247676926,-0.1360713361397957,-0.03206448549822549,0.1125593361483113,-0.001750734557904532,-0.0597654005707462,-0.03604822097268146,-0.04645218329077599,-0.04429637460354896,-0.03950945593741084,-0.01172616898227263,-0.06128030332356238,0.07828652456104135,0.02136940642123564,0.06386261221133371,0.02655144527504205,0.007857817232554354,-0.01955145831644717,0.004074236256565833,0.01186663426725171,0.06643161250940516,-0.03449399497449157,0.1933644659088671,-0.1250320859131047,-0.07307190325518645,0.1156354901320796,-0.05337963929160741,0.03341147639661543,0.06221361053583838,-0.0139932313971006,0.005050130310495254,0.01260747045858251,-0.07155299928254347,-0.06192939352334391,0.08097174831153515,-0.07838265135755026,0.1346064531328652,0.05510333562091427,-0.09511503465918156,-0.09356686869966474,-0.008466347801195012,-0.07842395303736044,0.02543090434592012,-0.04527472745803712,0.0862470293568377,0.01638252793347758
0.01654360964260415,0.02826838384252073,-0.03487778480586212,-0.005162507861258048,-0.06181675118499086,0.0417119403518057,0.07329275042879835,-0.03526317229760811,-0.08775386918628214,-0.08167316878920888,-0.05413195177185026,0.02479966164649056,0.126454477955338,-0.08701142986648919,-0.03063418704275128,0.09117353395948696,-0.05959820662683352,-0.02437172479950994,0.11363360173791,0.001435913356458818,0.05750253541388028,0.08743869903296708,-0.002830796447892192,0.1165111428806211,0.05554023382877982,-0.06697331936076245,-0.09119970149000822,0.1684941034493599,-0.04390166550715502,0.163272262847684,-0.05783546487173136,-0.03680344087583259,-0.0546878537231309,0.09013988860906869,0.112257715245491,-0.134612880052563,0.02237336743810886,0.0681690003174984,-0.1206564216499362,0.05265580985722634,-0.182174305737823,0.1185851338278599,0.08876641404916719,0.01088992341460884,-0.0268820189180799,-0.002100731231122144,-0.008744981474034769,0.1217582054358589,-0.09330511821578541,-0.003453784310379807,-0.05866903704096149,-0.05373053017052999,0.1020549372842647,-0.06930896681463043,-0.08653644297565861,-0.007554285176878103,-0.003654235358335298,0.09248836540108929,-0.05433126947680345,0.1560875878067314,0.03175351252658834,-0.04915374994118712,-0.0007851798401437779,0.06092795171737654
0.07113738063597175,0.03315419175345768,0.02887917834541209,0.02571040813896719,-0.01199088261951864,0.01508125027425422,0.05964822865117414,0.1379283034896951,0.09454463723661277,0.01131437033370247,-0.07687473824259378,-0.03475101108833778,0.05318740184754778,0.03412373471251168,-0.02733200423213322,0.01099641312423166,-0.2624029241155033,0.03041600802036226,-0.06633027679566356,0.1343845763858634,-0.031956519527509,-0.06153361174058403,0.03074437949110498,0.1224697970250886,-0.01816659971505041,0.08816653131289143,-0.07256169039316757,-0.05227472315890036,-0.1758441872379238,0.04264766647768325,-0.1136847656930383,0.05984948376635979,0.1001933700792395,-0.1552148109117928,0.04411271333432371,-0.1359948927747068,-0.0426893132271447,-0.06367275997193383,0.05193810699150803,0.03356435511631911,-0.0585270805673844,-0.07171238974598484,0.02944589925004445,0.0206313038870814,-0.08006863276629143,0.1946218748971256,-0.1192832323193389,0.1170515853209578,0.004386631995714887,0.03600468571455658,0.0908608231292691,-0.05554324075707182,-0.009512474133716552,-0.02242453040517479,-0.0868987192017921,0.1959849789698438,0.0008602465418290073,0.09230252551808377,0.06200902969098751,0.1071577843429711,-0.07765599210516889,-0.03325659973934002,-0.0365010529748756,-0.006496580936103356
0.01756276253719702,-0.02544615780936388,0.04708564359833922,0.02418115987498659,0.02797990861654009,-0.09006791660418356,-0.03058339195327009,0.1186841607860155,0.02257469873417861,-0.2064712274071209,-0.1353479302668083,-0.06491498142318547,0.01457975794346739,0.1363456774859635,0.1223990028920595,0.02666347745953951,-0.01514459832593446,0.06235637398772759,-0.0004284039435211717,0.1698589388599577,-0.05666984042392698,0.07708258004019253,0.01116138067100181,-0.07620602820718902,0.1253986576010437,0.1555381995593519,0.0314208948904916,0.1046458541009435,0.03298637285259509,0.104349954554842,0.02686388541914431,0.02716286037742488,0.01153062763556273,-0.06160492307993309,-0.0002391727717889758,0.1290968616348611,0.1323784910225778,-0.002845498955074854,0.04802462514102918,0.1606618917140633,-0.1444413501499497,0.09376765103030854,0.005098664493687149,-0.07960488633362459,0.006887777907798764,-0.08946874193505319,-0.04632095531626501,-0.06495182884174888,-0.03791213368409396,0.03210400404680555,-0.06636524229251549,-0.04308163042715184,0.1043891707105468,-0.02226304512730423,0.02114275354752965,-0.01906396003820142,-0.1102947970218335,-0.08583054657096201,-0.03442995613037847,-0.002932749923248198,0.002939081514213113,0.0563656899412527,0.005724426576578245,-0.01915387626031663
-0.2876873893995566,-0.03558144653565154,0.04775406253677728,0.03656729269376435,0.06342915185605724,-0.02301983965091581,0.09527995079791951,0.1318729862469828,0.128193078464189,-0.1240000682453896,0.04654885068133291,0.005227240872901939,0.07139720273514527,-0.2200686191328908,0.02220961002730537,0.0803292313598718,-0.07159518986575716,-0.03671326489003165,0.02425180582801506,-0.03046854595497328,-0.0267054918113368,-0.01483868675659927,0.0846097380987807,0.1369161383909197,-0.05632477886379694,-0.02811650843988622,-0.1198736662536747,-0.01184826442523401,-0.07599704043070621,0.03944526902376932,0.00431188092819812,0.03105055327226192,-0.02567409588543462,-0.04016549146032972,-0.02348595093347461,0.0006808917813050375,0.04515264499998051,-0.1610005498246642,-0.02884784475352747,0.03230723568662247,0.0873285323443338,0.04155596531064823,-0.004607997131161612,0.05461633305362068,0.03288354831659797,-0.07748409786854317,-0.04261735242582566,-0.01497361307639765,0.0396684544458673,-0.0355653490047655,0.08042146837512655,-0.0667552650468667,-0.08420262920262143,0.03390967455211447,-0.03591738919077116,0.1091999281068621,0.0490880730434648,-0.07211840320379859,-0.05380711107132415,-0.001798502808486119,-0.03262346290715321,-0.0241575950609087,-0.01957931116338568,-0.01040819648316376
-0.001751442377543766,0.0132047187472808,0.01543144255297346,0.05851271599832075,-0.09422878066857732,-0.04192427158828249,-0.06100244565966118,-0.009573225542004682,0.01579616386959404,0.1434651733008925,-0.1123880896874024,-0.1039723121987245,-0.02576209601018697,0.02872906578068951,0.04246199579255028,-0.04205659409429532,0.04497638891279221,-0.019953296552018,-0.1230342569690311,-0.07945523399537208,-0.1215151039380306,0.06925428573991377,-0.05991602221738723,0.1653531070818646,-0.05437188008553423,-0.1202347119075309,0.3542406206752029,-0.2900898412838838,-0.03060521838532271,0.06317988427672278,-0.02819768973409509,-0.1446561335357792,0.09249717909376748,0.04239178498635759,0.06960107722421632,0.01604270426715054,0.06440468663372034,-0.1667226685818332,0.09655257809683915,-0.01083919718917042,0.01472052998216053,-0.009853229931152174,-0.1503687146903571,-0.02940831978820566,0.06043417199243825,-0.000410627299337718,0.007546589925015265,-0.06301902797263186,0.03761965223606017,0.00700194819565856,0.005361841988974596,0.05513513271461577,0.06671044706970253,0.1118006269528366,-0.0601963648070421,0.06883916877593363,0.02987564960686653,-0.01837087706238215,0.0232356465249528,-0.01495079345890103,-0.03124452779304097,-0.02185758551010886,0.07742418853720218,-0.01086741467195222
-0.07937556147361058,0.0881545431295625,0.06233915973798554,-0.007792103900245873,0.00907828736473093,-0.009629068829882681,0.06144891971097699,-0.02801321440452254,0.07938062096017873,0.08368325087762374,-0.20187771612921,-0.05058999427580932,0.02306702062346638,0.06978194161545531,-0.1336733812849803,0.1684777383335981,-0.09601928716473562,0.0758160432527637,0.1867735316292966,-0.1408121869662111,0.02062897004151043,0.2451180324663877,-0.04390233606993743,-0.02873584623734143,-0.08906049052942544,-0.1240773214370939,-0.08771512532106973,0.1318738831313299,0.001708157599242144,-0.04444191701865108,0.07757234254436518,0.03921827102407449,-0.03427773774184256,0.03387107258867678,-0.1548914774968849,0.00687851518796051,-0.02485670403201351,-0.01199348044099757,0.01899837369503379,0.02622802414396436,-0.1731866821003543,-0.005392058506775488,0.03133455685324546,0.05483328902918574,0.07177722076331158,-0.004330871759346891,0.04031237414491212,0.0611259235612565,-0.05548240968292443,-0.02606078471016143,-0.02972365377032975,-0.0323471358725003,-0.01871334086326953,-0.08388802318639736,-0.0776173275958018,-0.1309370933918765,0.06766854728350905,0.0001528765136157156,-0.008336041614123685,0.1336120381091325,-0.04851845243449884,-0.03642487667137235,-0.02588700680427029,-0.01301525854878318
0.03308984623384614,0.04589697306727636,-0.03568537333380128,-0.07579190754845344,0.1055312972381861,-0.04195695193700466,0.02953014693961387,-0.1674373086524021,0.1157520438036991,0.06430477943189528,-0.007808619704187558,0.11818457563274,-0.1526337487178224,0.01328788609011494,0.2237987580295382,-0.1633642465994002,-0.05438969497947482,0.05876638935507419,-0.1430322738793268,-0.00689519795984575,-0.2080354700075724,-0.04296962401907362,0.08743373129558057,0.007961435563546837,0.01473101921013398,0.1717266561489032,-0.01398744409880903,0.009801806547822589,-0.1300125541596053,0.08026367786225663,0.01342314385225696,-0.08654371904195951,0.0101062095525391,0.06313225709509462,-0.07442225460477531,0.04985642715787708,0.218832833802924,-0.07009017829211481,-0.01956773628167352,0.0600615314557213,-0.04022538207158581,0.1629195294962704,-0.03924172889706691,-0.004190810273584381,-0.03760940348973121,-0.09331861219048052,0.09951943668302782,0.06816998335964479,-0.03622326375355523,-0.0382786815942224,-0.0361128932692752,0.06314136703272687,-0.05784982687346878,-0.0814973223898461,0.2422497815660923,0.0467398851175467,0.03690398670411604,0.09870451055839115,-0.07071274846080255,-0.02469655106290376,-0.03292098715412137,0.1277333469997916,-0.04415786760699912,-0.02887380626326383
0.04842274726219176,0.04347834232863368,0.03212465485512528,-0.07991812804114684,-0.001967793377292248,0.1373885363252686,-0.1487013209328936,-0.005093308264136232,0.02897099526631219,0.09340046854445105,-0.06445745485327092,-0.05468011712241633,-0.1187158299107178,-0.002461315330561681,-0.08531129036526978,-0.1806526075178339,0.1127614949204064,-0.1256848906510795,0.06441353868729843,-0.03739183559992204,-0.01061986780046476,-0.03682977091424863,-0.1229297670621441,0.2130873174899841,-0.0859753171463889,0.0001481238188124623,-0.1152087801651524,-0.03548554376896995,0.07923984902762632,-0.1837247859681666,0.1322042009503691,0.09053805873726989,-0.08391976071313384,0.05356969059338917,0.05574656042364007,0.005219745539032483,-0.05404532421465164,-0.07414139122683147,-0.01708867919795781,-0.04654627801586965,0.02500258416478401,-0.04018652108324716,0.05463225747912359,-0.0255669591519826,-0.07522085183248822,-0.001185986121867863,-0.03318170830975684,-0.04113361851045359,-0.03893695631996677,0.1360643005934729,-0.04614050556885564,-0.02808835362493375,0.03430493450823542,-0.07795942093920792,-0.02007487298564131,0.004503314638199807,0.0005454761428305838,-0.06927300713478456,-0.00568447953961012,-0.04702451231138072,0.1320566876801659,-0.06740499354143517,0.06505529974303527,0.03133056282179635
-0.07772280991552549,0.04985171213255013,0.003052316668760491,0.05904771988435775,0.06437045958794707,-0.05687944083372098,0.0606285488667907,-0.0004963501434320783,-0.1408017786647127,0.08620021153716195,0.05197802473721613,-0.03453773716096298,-0.01418303572620769,0.02200804779509144,0.0005030689337147676,0.07562910489395996,0.04432814247628145,0.07935978606136759,-0.06962985874788152,0.068688281520558,-0.004340784474916676,-0.1405807486995131,0.1245240732523076,0.01849457526880782,0.1884352017373305,0.05320540956420916,0.07620275547333788,-0.001569231226090428,0.03223758917843433,0.05547385446339642,-0.1472021971326086,0.001659196132540619,0.04390269346921577,0.1711562267731198,0.005213115581919225,-0.06870373762662085,-0.007193779324844163,0.04519360456248464,-0.05372766193162613,0.02522664654803786,0.09898290341554511,-0.1010355063446037,-0.04093247047793522,-0.03833736611358065,0.09676887846865886,0.08005850864035334,0.03091860091597376,-0.06078990017787154,0.05582496208038674,-0.05587653968686834,-0.003445622107664803,-0.07226800927954186,0.06403319402373674,0.1236530879358851,0.002900234897869947,0.2022261122035197,-0.07956841779724576,-0.007867340257086269,-0.02388122213651252,-0.03894637187866884,-0.02002058874293723,0.04992166110307682,-0.04119345332504336,0.0180084266821261
0.0296142033473249,0.01926518586145509,-0.04306579794150811,0.01384227668832627,0.03083268023273056,-0.02163426195831741,0.04877399123019355,-0.1526030188117984,0.08338274093596931,0.136265158591763,-0.0285630953757785,0.02466038260389375,-0.215073631982428,0.04324144180876305,-0.0449510993207802,0.06893358831175522,0.02376693795641066,-0.01873161337466739,0.02120419379793567,-0.02882046766179336,0.07146349395497184,0.01579335688036082,-0.2286325321355447,0.09690408514380355,-0.05101488767194312,-0.08149991296960091,-0.01060966252924445,0.1616070323046376,0.08050321984679759,0.1318914477826877,-0.06041585519805664,0.0433729970324081,0.03595786497859882,-0.001542938101017743,0.08364054163058027,-0.03149318141383345,-0.1249324144624793,-0.0667087187460364,0.1454559921379985,-0.04477403336332043,0.1142806534809734,-0.09947018719224722,-0.01717664839386695,-0.008528168019733551,-0.07682560644569392,-0.08749115268088617,0.06147430783447842,-0.04589652373768404,-0.06133968382091598,-0.06700091734465997,0.121899871773,-0.03828206338023044,0.01301304813819931,-0.09376289988678468,-0.08342801394216431,-0.07522338614934213,0.005140756088737687,-0.003327909739019311,-0.02581089218767591,0.127462005289599,-0.03227221150946246,-0.02434933325788577,-0.01980716567179983,-0.0225845736720502
-0.003688832917778329,-0.005159771839445271,-0.01376234090329032,-0.04668159391817184,0.06186221247901713,-0.05639335115287514,-0.02858777700947668,0.09811353325195116,-0.1450606059951719,0.1105187957372322,0.152105228203257,-0.01687970222220353,0.01204393164150502,-0.02788265767221684,0.0196022397789076,-0.04536122874596427,-0.1228215327547905,0.1066614184068195,-0.0622832302820944,0.06730571659155696,0.03096747345355857,-0.02904977365563924,-0.006393250216839619,0.004040367440546033,-0.1342293666892149,0.06450138254606219,0.1636861594811724,-0.1115192928092367,-0.008963764955981779,0.03857839428372889,0.1395575172747078,-0.04538780650778157,0.02369096260147274,-0.04910206641420214,0.05266398086838112,-0.08800889533675235,-0.03809734253332306,0.1434717858467578,-0.08354430433403801,-0.1248799308436271,-0.02924343125625281,0.08834417535287875,0.03794595233959074,-0.07278495147418568,0.146508893945025,-0.08829324539839295,0.1142730510580415,-0.02418841151419622,0.009924042180371462,0.038172932314156,-0.08820657119429887,0.1243200623775239,0.05325535973746973,-0.001447770355999731,0.1351534564841981,0.000645007243836461,-0.03011097827383071,-0.0233524051597842,-0.02261701650879314,-0.02492109258129517,-0.01915713621906959,0.018909528922272,-0.01306568467985882,0.006256289942960905
-0.05563809483422677,0.09943095995928553,-0.05844515884047152,0.0743831100370056,-0.04183464954662397,0.1485276039840094,0.01926651887253239,0.04725428013256416,0.0643959994819111,-0.0415567043430064,0.08309460609096686,-0.1601026556267853,-0.08276036903374329,0.02613449565304593,0.126857879129615,-0.06897003890267192,0.03948432047899311,-0.03014479374413556,-0.039653017954904,-0.01821241964607903,0.007998171270825666,0.04640667380030206,0.03958510557935699,-0.005141714163899025,-0.156393072488957,0.0467861709044666,-0.05362124422191494,-0.02121032112318832,-0.002295280630129598,-0.03766236715457619,-0.1778558305627828,0.04890237129744238,-0.07225327063314649,-0.05543234187803281,-0.05968816468864223,0.1065645848728116,-0.06951134948148743,-0.06369765321775513,-0.07469845871059536,0.1213285106958423,0.1287736924060263,-0.01953339168584625,0.007501758185003149,-0.06711672602956517,0.1616064437214084,-0.06042279478858135,0.01867481111358828,0.02336922572716356,0.1051980195938251,0.06137738714244811,0.02780887146484112,-0.05789666284359472,-0.04557516180621805,-0.05929035211980083,-0.01485183592215791,-0.03088972655172207,-0.00334339282752558,0.08758387904962754,-0.0237253786774978,0.01557199541106357,-0.0147598192242777,0.002078843392683516,-0.01110159039146342,0.02411563820818821
-0.03854999770941381,-0.04263921591965858,-0.02874399416725471,-0.02065274233793757,-0.1687823963132402,0.0742577253449811,-0.07445930447427229,0.07248324802811745,-0.01638676687415508,0.1281038229951003,-0.165368696940056,0.2007747188900835,-0.01232104997253491,-0.09340674351220737,0.03860521188655688,-0.04293785655955377,0.03522603069074051,0.122952939449513,-0.06019680090732085,0.03062556203012237,0.1192919310903772,0.07154044961649364,0.01522249741515297,-0.1245974711325021,0.1235348885335746,-0.02913749229492199,-0.05278544711041723,0.0744249961932277,-0.054265755970242,0.05914551116002204,-0.09420782962827605,-0.07079301348805783,-0.05416933322827361,0.05094587459133892,0.1649933755190398,0.04605850121704694,-0.06052547673116322,0.08512113444236083,-0.09742135767318028,0.1269843373913838,-0.04335648461907209,-0.06875643165570781,-0.05879126019631488,-0.05466934716332068,-0.02692098561458139,0.01954468835815548,-0.05749707680695306,0.004152168958686864,0.04562831260070636,-0.0610860999922028,-0.04606544754695529,-0.04188901509103025,-0.05804685889112309,0.07959234869436635,-0.05096571465780663,-0.02414755800908078,-0.01687569750026977,-0.02218478569617,-0.02418256665417146,0.05275692760924225,-0.01999082427803049,0.001410733670133914,-0.01833154333106608,-0.03041604992549723
0.1206498362128005,0.1338516331688694,-0.04567572862269575,0.07455014740786625,0.04758798138907616,-0.1039450631872979,-0.004125817272488286,-0.05696457522900622,-0.1085234259065253,0.07316744090131044,0.06452498012805974,-0.001637124706497906,-6.374114478407966e-05,-0.1578196715904722,-0.1104105211341956,-0.1164122278475076,-0.1441990772338326,-0.1123826510661032,0.07195284389403581,-0.05744997737083614,-0.1206775270696289,-0.0577032805449955,-0.09078369096902283,0.03125846018072688,0.07085439686042709,-0.1050016545582432,0.07684678730242368,-0.1183836064332748,-0.06615834911185478,0.001405468823696368,-0.09532842327882236,0.1304673604883921,0.01868726140181061,-0.08716256233198101,-0.1033953303246049,0.099359558181115,-0.08438704488907825,-0.06898795627032905,0.03130233653142145,0.08980083061445292,-0.09078909308237275,0.01951009109839436,0.0635179568033326,0.01902756185186547,-0.05196297971910275,-0.02057580059757081,-0.02742228351282769,-0.04034289914214559,-0.04076381221437209,-0.03820397240711635,0.06825176837349176,-0.05766182021776261,0.105623870056542,0.05790508242964365,0.06598300956327524,-0.03139695928675243,-0.02100427579144684,0.03592320604593713,-0.006191600772134397,-0.03580617219668002,-0.03880178055478942,-0.03318699420903007,-0.03703230572752134,0.02774924807780779
-0.1162114464717714,0.02843492904609013,-0.09468738763400086,0.02734859248608323,0.07157065539512975,0.02538693615470466,0.05740657571984353,0.001766240790715412,-0.04728560654763292,0.09301605335203211,-0.09560616288649004,0.06357926479903941,0.08770491443029688,-0.09647262896715636,0.02285297150386922,0.04678568463093169,0.1183184903518708,0.1353615146666572,-0.03632934466279689,0.03710885594131934,-0.02354362800873577,0.00032358959270537,-0.02351275527380023,0.003916210982659263,-0.006098125691487558,-0.0894488518492571,-0.007123455417300167,-0.01008353541024595,0.1147796308868134,-0.06050897531645096,-0.01563363069081888,0.09573840485950588,-0.01060663288900913,-0.06651051032856176,-0.0805302639315978,-0.03909676629780057,0.08872133150103892,0.0004864199965546184,-0.0712539577190715,0.04439280930966438,0.007557755649923795,-0.06982288488768311,0.1055489027599106,-0.006867370819648125,0.03718063356850126,0.01777917526457402,0.0720748719240577,-0.04247786775333759,0.03163875513482604,-0.04016392430059251,-0.03412870635332724,0.03550707778524886,-0.07960903814665163,0.04696349066879547,-0.05030544927366996,0.02484245322830642,-0.03250942705677105,-0.03221323979383488,-0.03383334498741283,0.03966171219196608,0.1388709557736036,0.04444946296716969,0.006441298824460789,0.07883322738150862
-0.07209361119047408,-0.02711689061435862,0.0419500415847246,0.03415884623428656,-0.01319994042269657,0.03595545154406132,0.02561673524215358,0.01752601297058964,-0.1037675827576677,0.1346549832189949,0.0232075213470857,0.04514966387921349,-0.0130689395133527,-0.01692659746533509,-0.01053068715363659,0.01077679025306166,0.1526809166353061,-0.1521837557304961,-0.04666163199294182,0.01331153682351889,-0.04965128683617305,0.08663198164083251,0.06339807724959212,-0.0252465649295342,0.0059464393254888,-0.06268076161535419,0.1033815231789211,-0.02802199848021397,0.08409000020558691,0.0775869396831306,-0.04688077249338109,0.1618028854251857,-0.05917538985458103,0.05159872431363655,0.1650953601746736,-0.05326461857493833,0.06997987839097747,-0.06241645267025415,-0.01679914493362308,-0.01496288171486825,0.04615572496914939,-0.05662522867034045,0.05809346821308156,-0.05633239002699374,0.0378649675295741,-0.05460648262101855,-0.06175232889439355,0.01393225640701634,0.04520717514730245,-0.05519751007387645,0.001087718374470761,0.1387081399721197,-0.004798072053788419,0.00926863559487337,-0.03095627464510189,-0.04030973697535558,0.1713308642799771,0.006516472461856972,-0.01030743468111775,-0.01495746341783817,-0.05425075017435288,-0.03962356148381452,-0.01723451839034858,-0.0492690667351157
0.1298141161991225,0.127178906530464,0.07729484461021829,0.1074735371984916,0.002077782275738072,-0.1313498843943106,0.04471082296904083,0.02002160606586967,-0.08010976004413717,-0.01488906196349382,0.1241060351217279,-0.1208378779792966,0.07002169766001243,0.05036352022424095,0.1344251246804672,-0.1530821844209464,-0.1354796781907021,-0.04420953872723186,0.105039598570235,-0.04191954818129909,0.006072810615299198,-0.1117252131426427,-0.01422260181718099,0.1511716905176381,0.08037035797193354,0.03937137488593115,-0.09422107020743731,0.05140683652058346,0.02237292196894029,-0.1255123010137282,0.0824107882305504,-0.1157544016939742,-0.03636970450527047,-0.01382973733897356,-0.06991963550095304,0.04262124730177562,-0.04119560452395474,-0.06639571333256342,0.08675672286692279,0.02478361456275592,0.007102830952021723,-0.04560468985911399,-0.02447789090915745,-0.02165377733972977,0.0169859392154883,-0.05230532340054801,0.1605698909722846,-0.04569103071231099,0.02780098056101331,-0.03379905871960064,0.1644291448612039,-0.07494028342958142,-0.04490624257552594,-0.02587498029946493,-0.02623652273860693,-0.04359917648541098,-0.05113183463855456,-0.03915684385964092,-0.03986500296574146,0.133418818773707,-0.009732768548805691,-0.02910872409582231,-0.01033206579269796,0.04525051719979103
-0.05289347666005151,-0.05079499513112951,0.2303640749272839,0.02642755006260533,0.06319130336957535,-0.004852697921831517,-0.1132123966227311,-0.06676260195043227,0.08683304318971774,-0.01164020505071661,-0.1212634295418608,0.05692449330413185,0.03590327345914757,-0.06870925380847176,0.03088084983613021,-0.01129068796253396,-0.0808850481637363,-0.01112629444636587,0.06824491787247461,-0.02757017392292581,-0.09631605513566077,0.04347037679337309,0.08649459548877467,-0.1132232726120554,-0.08038941544921026,-0.07551453990531921,0.02436492490458057,-0.09009036034877743,-0.01715487076046789,-0.03324705658418721,0.08285405673663261,-0.01958315684578678,0.05462881297038877,-0.07119025922139652,-0.05665730792165491,-0.07069564168819235,0.175789826532057,-0.07610628263987203,0.023049446372801,-0.06081097599733978,-0.05290641001663183,0.08320051788577972,-0.03617740060935046,-0.001463780380703168,-0.01278138041865876,-0.06535289333506777,0.124858088299133,-0.0629705735757045,-0.03980775660929181,-0.04606624075055828,-0.06449568183676072,0.05836911667944604,-0.03640918478116609,0.03429428640056117,-0.03326889360978323,0.1241733127396017,0.05992369540780452,-0.005692714372641888,-0.03790174557239103,-0.04693835269405033,0.05822120160929752,0.005149011238477507,-0.0210517902691153,-0.01932600407573159
-0.04692340912530324,-0.2703067355215534,-0.00559352375459421,-0.08497496842616625,-0.09672072567477086,0.09016820420144045,-0.02018985845390131,0.06483598555529013,-0.03347526209602614,-0.02447566028435338,0.07317417870958398,-0.04082915560324235,0.19524162637429,0.00253361816614267,0.0280273280898467,-0.0390242441016096,0.04565470601054111,0.05816244455932573,-0.01214465838153111,-0.01461479130456539,0.09389131629121381,-0.02425799794816545,0.08526895896055806,-0.04855425353996259,-0.04075631953836378,-0.02310386671260987,0.1161473244871461,0.07957174766552548,-0.0763890685789549,0.1146432015484115,0.05130413078798003,-0.09776846397320468,0.03786135473049977,0.1285345295883327,-0.06747953160753611,0.0678297032275893,-0.08409312971436961,0.09811326294095626,-0.07028687986708596,0.03657716985063542,0.006211094833902669,0.02622386703684495,-0.04703175550040774,-0.04175828382562725,0.08227910568024474,-0.03021835308568976,-0.08138370538086902,0.0706705792817604,-0.03598685328346273,0.0370676799774179,0.09987855776504734,-0.04603747220913453,0.04710807892184756,-0.02195073265569465,-0.02762094368510184,0.04238459225476875,-0.0376283555244918,-0.03221056803242878,0.08446910368490791,-0.05098371675314282,-0.03991990970817524,-0.02851143713943849,0.04472126412336329,-0.01107072200412716
-0.0289179546631988,0.1650396421479328,-0.08445281094241314,-0.1303897918267467,0.02794643184110235,0.1349002365451778,0.2551422468150676,0.06205141825815397,-0.1173771080486657,-0.1856043428142103,0.07979883301830204,-0.08538357320850704,-0.1088664500165794,0.1113915662577252,-0.007472596119643127,-0.03964655812549739,0.003612214399121627,0.03317883795184035,-0.0900686208157904,-0.03709048787701184,-0.02703989159791823,-0.0451324897962814,0.003328109669918228,0.04635068744553161,-0.02500545255576624,-0.03947155046077115,0.04355911943858491,-0.0935176114391818,-0.07779158239545467,-0.07080000876656409,-0.06893656673524878,0.05148477898872919,0.05445092509333842,-0.05043629708053318,-0.008815382126625873,0.03986482947238111,-0.01180646162072017,-0.01003972553440449,-0.0506134906658947,0.08998267192685362,-0.001979060292343571,-0.05142288101445943,0.114648179580885,-0.05356864650676627,-0.02127449702812026,0.04311048978159021,0.1762150636337194,-0.06129548311229319,-0.03231589348708806,-0.02435738570212159,-0.02970458134263612,0.03081234734470617,-0.02640563219259932,-0.02095545456276424,-0.02099799690078912,-0.02797319572038044,-0.02690661318349086,-0.02584463603133448,-0.04350644038666825,0.1985978848291398,-0.04078232696093766,0.05421651058993587,-0.01508029546495374,-0.005803026075429724
-0.01308197480649687,0.1378600116036757,-0.2861386575155292,0.03203490579460283,-0.02385081446326698,0.05181303423379374,-0.1340733181448092,0.05881070749465889,-0.02573557786744984,0.180970031080906,-0.1502619409215474,0.04098551042188359,0.1549670378463318,-0.03672084173192647,0.1038074901341183,0.01715718648127917,-0.1352156568264822,0.04975565314892882,-0.02800509345198693,0.06702933614109705,-0.007445811322253693,-0.003427163175617989,-0.03648311256581925,0.1059906586077249,0.08256574144200164,-0.0244300431037538,-0.004948779189768854,0.04807285193686979,0.09469744463548659,0.0057154637451272,-0.05952036012592334,-0.04164182937619724,0.1201903427981003,-0.05661345861740515,-0.01094670469294037,-0.04583466246044803,0.01141309625427019,0.01644201276619786,0.03611740288099918,-0.046390727269514,-0.07392817940989316,-0.06297262964245165,0.07389541137444681,-0.02681679137382835,-0.01241897960527961,-0.05564758021760464,-0.06937757677678986,0.06195818641436836,0.008358122270061087,-0.01534394360306107,-0.01657607503768996,-0.02412083559590139,-0.03151035877751412,0.04344961274186294,-0.02685772083140758,0.02448073192278626,0.08677402517637989,-0.02322381818228214,-0.03098782359147647,-0.009995402033445122,-0.02915453562314795,-0.01492841415941573,-0.007303539810249448,-0.002526746173589126
0.1854264212344201,0.1736195926962995,-0.1687602739756057,-0.02108741561928662,-0.1869032572075254,-0.08663473461042864,-0.1113318025802486,0.1073327542024676,-0.01257554277704775,0.04954273082649424,-0.04209342250292958,-0.1146388835000416,-0.1252188935582905,0.05213767317882578,0.07323876679480545,-0.01356715377881396,0.08306837707298531,0.1315894597484581,-0.06649179860574239,-0.04515783354801142,0.07070348583481459,-0.1039804157281583,-0.05006880096179991,0.01306808515881897,-0.06066864354489281,-0.1059071232524784,-0.01122367725339016,-0.03653433314279268,-0.03703368831625507,0.1150306528579832,-0.02123937261510077,-0.03522734369398433,-0.03774706348174919,-0.05341132648913126,0.1730078692170664,-0.06405238373862149,0.04718747069647175,0.03260363157898405,-0.08626277249684057,0.1517949459367294,0.1095385812993167,-0.0700638301592434,0.03654036365054764,0.07273124946344339,-0.005377026851782672,-0.05386978634639035,0.08309738621006449,-0.05242511482737856,-0.01239431893982474,-0.01555998970498089,0.02105970240576177,-0.03220477241198739,0.08865556686744064,0.007697261874329064,0.02877902496710322,-0.0272313784456697,-0.02588182150524459,-0.00310301391128176,-0.005785385527266502,0.01978727965922989,-0.02311109046476596,-0.01067784328569014,0.001527489670243872,-0.001906601877274352
-0.09514971870152805,0.09797331600617254,0.09179835942675008,-0.06340192659740435,-0.02493379464970547,0.05628365770479626,-0.04122552357781373,0.0141480447997851,-0.01169716009375177,0.1695560204195805,-0.04129112984095673,0.0659260392535384,-0.03134296317824098,-0.006604216673922192,-0.006306335212796055,-0.06504143560584247,0.08059286718325698,-0.04437161554416791,-0.0114929240593693,0.04504955806714908,-0.004489584437373101,-0.03099162003792125,-0.086870484950526,0.02842427243023805,-0.06444971408346417,0.09865869054234047,0.2166642855346486,0.0001851143560006319,0.05281660329467394,0.0764155217315962,-0.06094889713700645,-0.01894298399685254,-0.0304277764080214,0.03174485209714566,-0.03286249862422649,-0.04645916567402217,0.02668897091850268,-0.05670006863877446,-0.001693459329031657,-0.09755518670572481,0.007720851482430388,0.01744314604285006,-0.04238355706217835,-0.03243909276270456,-0.04037787035597457,0.01015399056428927,0.09978315722983996,-0.01950885767929863,-0.03533486976391524,-0.003749420033660963,-0.02422957289402199,0.06617984931683171,-0.04190805921558768,-0.03246768786905258,-0.02942132420921364,-0.03096931677704975,0.02595171191017297,-0.002279935281226008,-0.01984270506707131,0.0457347065015819,0.0221223304861838,-0.01429592123597539,0.01162130976765047,-0.002479546554681487
-0.1656397065271704,-0.09798614638952557,-0.01996465079826099,0.2009118561567566,0.04500298637165767,-0.06880043260556262,0.0439467434307832,-0.0424516432317536,-0.01586398813058199,-0.02303924438066951,-0.09842957895197429,0.0489139443756012,0.04679277126844872,0.1399369767352141,-0.13144122549538,0.09890390574657959,-0.007167469034304985,-0.01654525969077653,-0.1013169399829595,0.04412829424881304,-0.1226350729740636,0.1370133441900214,0.2032722242337089,0.005098318971581806,0.04257378828737607,-0.1024252282029194,-0.1016473910735904,-0.1031136488332072,0.1405396674414109,0.01173810716865488,-0.04389187562598202,0.05943156030756931,-0.02801217446570154,0.01643676284128077,0.07400877362858108,-0.03474828487000983,-0.03570625393525491,-0.05813656169513764,0.1762577804784647,0.01090569679062513,0.07653770988305324,0.01704748684358928,-0.02756078240191431,-0.01910713276179144,-0.01715289977167505,0.09969905370886846,-0.0618724897380182,-0.01507882500707643,0.1218801418015569,-0.0351321562514409,-0.03056311543779719,-0.03970860030563889,0.07681048753629935,-0.03047175054575666,-0.001879209232789544,0.1065508158850132,-0.03114363109284706,-0.01572528343526254,-0.01720928235410042,-0.02984259303997834,0.04021496156646479,-0.01377138143888042,-0.01065519469023725,-0.01013933499951583
0.189531574592491,-0.1300192185247822,0.180482219807263,0.1795836792765225,-0.05550508169186641,-0.08597928690505635,-0.09939229799665861,-0.0364109553426174,-0.04327144315243259,0.1271222535730772,-0.02726472099596178,0.003400798422444173,-0.1188463266074636,-0.1032937589035672,-0.07721666390948484,0.009457575492628656,0.2034506054948289,0.08512403516303185,0.02106412945080519,0.1443229129506378,-0.0001789828961436535,-0.126217783671152,-0.107582844406734,0.0421861114067124,-0.03557316296694604,0.034733058794626,0.02360329287373474,-0.01793397767871243,-0.0664704890503867,-0.0502921869816112,-0.03220914936584823,-0.0262477621493857,-0.02811452804730426,-0.005680495632917157,-0.009264669566619081,-0.04209484465152107,-0.03826631647822433,0.03588573843281585,-0.07569768144941269,-0.07039047399079333,-0.01163659547523116,-0.0398873186569233,0.005998402478753429,-0.02034579729039144,-0.03838214677899704,0.02236306362254743,-0.05299217329018181,-0.02124255873175755,-0.05004426624289614,0.0001321186455101528,-0.04743981628889433,0.07983265561088898,-0.0337735683131636,-0.0283612495051215,0.0542868263237888,-0.0542667049739582,-0.02394718939995242,-0.0268087688567057,-0.02181235624079987,0.05381159977769163,-0.02942275657113827,-0.02393231993819017,-0.01775179928571428,-0.03183102545489142
0.08532287786714599,-0.1898641564828912,-0.07131293722224052,-0.1379244037383953,0.2019321963820059,0.08349112486173826,-0.01082780810524298,0.2794373706726553,-0.1212871346988678,0.04349304452166636,0.1072032579119473,-0.07477565489044385,-0.1480166079379726,0.208895427120278,-0.02416282828302335,-0.01396138428231058,-0.07028682891264687,-0.0492538727559263,-0.02254560117502638,0.08457187069408606,-0.01381302293891259,0.04698548998283854,-0.08217120453834889,-0.0001046359132734487,0.0171199833438186,0.04841119699198292,-0.007487866622958167,0.01642312295014701,-0.06166385677488073,0.0283844099420733,-0.06005099004005028,-0.05583611155345745,0.04778158105094003,-0.03103189122259035,-0.02135731170291834,0.02984812948158734,0.1474013991097426,-0.06154896155015353,0.119512563759958,-0.02145624894712229,-0.06858548154781187,0.004005073077960782,0.009338069002475483,0.02818555836566332,-0.04012566182008259,0.1303458821546362,-0.02927635376687199,0.09395567722896278,-0.04760156870051838,0.1422971534150497,0.03734991561370731,-0.01155631366637278,-0.03366633806635042,-0.03405685747367975,-0.04959245298807113,-0.04447045613694246,0.1458964885590022,-0.0477698717272775,-0.02535375697102145,0.07787585377114017,-0.03969888817515761,-0.04924262545208547,0.04840827328496167,0.09783054576156427
-0.01251378192913682,-0.1695376588937404,0.1435567831246847,0.02909668835595447,-0.1906450547381093,0.0435616385599486,-0.08613630144502593,0.01341218485175993,0.08849443108779809,-0.1478118232504759,0.03793512053820619,-0.005361148970721985,0.07097765072888185,-0.006624614900695103,-0.05496880866045378,0.1209663432266357,-0.03221685362514976,-0.111449867128867,-0.06659071694894972,-0.08640156945753912,-0.04443762011500416,0.1727828848703476,-0.05934622493334035,-0.04817728557876865,-0.02452780441524796,-0.02365391772531651,0.0683367005404921,0.02060249180341479,-0.02836179720485604,0.004874536344358346,0.06655749795082889,0.1235312838136209,-0.05983110872527828,-0.03782558759509999,0.04801598167633609,0.00781271046975341,-0.0459845335506207,-0.03872209300626024,-0.07017059033311313,0.08723394889020174,0.1163337048806483,-0.05518554561065388,-0.01966701435197439,-0.01809704127057562,-0.002394952253783063,0.00527489713171149,-0.03690802029115614,-0.005868044509954349,-0.02922116261614711,-0.04020760700370223,0.01362212337538136,-0.0389083192729722,0.01134753510826504,0.0724211800563877,-0.07355873307455027,0.08213481592842128,0.09113457650314206,-0.06001990792144435,-0.019624382116498,-0.02501581487452005,-0.03754215407600063,0.1596036671075603,-0.0640079481186248,-0.04281869245896066
