0.3378237144547632,0.4582165066173934,0.4968133604339481,0.3443712369228609,0.6055582639979966,0.1039072796067546,0.2621429888581915,0.265504346499352,0.07717932402259318,0.06395454348518034,0.02695693978916563,0,0.05556369395832681,0.1295346222402246,0,0.07520065134164546,0,0,0.1555972634504393,0,0,0.4173288447240573,0.1914247978088008,0.3414312787614655,0.1923174425530164,0.3667221873206213,0.6745413122556341,0.3188962986874594,0.2166904940990943,0.1457916959146718,0,0.03420056240031294,0.2850682102114233,0.07458618891444044,0,0,0.05059539792487724,0,0.1344015316271529,0,0,0,0.02711807683213334,0.03559793869412927,0,0,0.147253490464662,0.02809428759934755,0.2271781141851968,0.2216085592211562,0.1711935741630236,0,0,0.2533977311174685,0,0.1135426993321462,0,0.0604112512002171,0,0,0.08944734457801724,0.015749855489608,0,0
0.4099437082770117,0.1046237848045683,0.2976059129859328,0.5928701019169386,0.4175685908241641,0.2591105846958888,0.4953481658718773,0.2878399094151257,0.2153267826421649,0.08408575932261149,0.1047836714854335,0,0.09898805817693081,0.03299812670904337,0,0.14994030930003,0,0.127168132816587,0.06586910029345666,0.213570452573039,0.1388638771114321,0.2092549759523917,0.3118334208975252,0.2330778798469354,0.5254448729287754,0.6234643214560907,0.455405402789389,0.2313980017999583,0.3034886806735443,0.1226624125992589,0.1927291629380562,0.2455834574572959,0.5425231457168134,0.3918904875297621,0.4316873736883813,0.4089463990052001,0.1799680444093292,0,0,0,0.1600211909409667,0.1326376857080729,0.06766858279607157,0,0,0,0,0.0532346017496856,0.01130479440504732,0,0,0.05818189515555995,0.0394739147092426,0.04801780807888662,0,0,0.0753570882598362,0.05873160110323388,0,0.05049394286748829,0,0,0,0.09297599466309306
0.4987063624495674,0.5622216194162789,0.4856410684749581,0.4932409081845967,0.5607694088896847,0.6135192930230642,0.2962932581701815,0.07025321516501026,0.04431040911559331,0,0.1131646727984338,0.1512653150039397,0.1284106103134088,0,0.01863139303486717,0.06635669709733327,0.2237381243579583,0.3566108515180203,0.2083746724421148,0.1258346482868202,0.1988230943853855,0.02479249650366711,0,0,0.1981764174238455,0.6656737063871322,0.07228182551028596,0.04564882108435586,0.1127870718890373,0.3054419583105114,0.4621332980867191,0.7441183823384464,0.7793351083711983,0.7258887669555762,0.5937429237791371,0.6894867734528234,0.8389867362961771,0.9067921249253033,0.4543185254901999,0.2353233269900448,0.06166892610271722,0,0,0.03915907942050925,0.05527051359807134,0,0.05651115184248959,0,0.1034508481567636,0.1390543990176391,0.192704235976279,0.006135825667441547,0.0776205340106402,0.3079956066592688,0.2162620943266501,0.05048937177335386,0,0,0.0181346650300439,0,0.03345990156458117,0.0811007971473707,0.3232684145193139,0.0175584326325597
0.3150212604792503,0.6394680417375386,0.2795175423727144,0.3619970848921437,0.4942509734727845,0.6600267148675667,0.2676787022864297,0,0.171511259238875,0,0.0706587137687443,0.05911387143627583,0.08665914991550841,0.140918293209814,0,0.1372303379678049,0.009514858396615256,0.2114336147449672,0,0.156061826319732,0.0505895078377586,0.1807997495163216,0.09909893825049837,0,0.09066611144652292,0.08427827861640411,0.05888617539640445,0,0.3457400472715961,0.2013120546933502,0.5644222341004331,0.4662257943091762,0.3327031286159616,0.1340457139927699,0.01832699841298821,0,0.462741302041251,0.8966272492945958,0.9287722990878258,0.9428721063568961,0.7043132608382386,0.4064439110332516,0,0,0,0,0,0.05959400202038526,0,0.09909564014901613,0.01673509514269886,0.03519650833588361,0.05059337097305261,0.3550401498145876,0.3749952562004172,0.2044823579209985,0.0880484815429865,0,0.01402865127280798,0.03231279032425927,0.05162802271310162,0,0.06456398253045606,0
0.4596143979878798,0.5155016456671565,0.3677727378285001,0.5094889764849146,0.7412187907285931,0.6445224753502781,0.2101249854625804,0.1482262229045306,0.02963560810381756,0.02515849659009892,0.3110888906241454,0.06956126121212623,0.01522728064043111,0.1671993398295594,0.1811358850928337,0.1319611976587511,0.1222319078914543,0.1452540009268837,0.12662982899599,0.04744609750396406,0,0,0,0.1017124556445495,0.08058180152704562,0.0766407523865273,0.2127698739690705,0.2285740566014456,0.2346721851269344,0,0,0,0,0.07987074836144795,0.01640582436461606,0.1365522046731576,0.002727454178958756,0.1955322109123483,0,0.4369955883377404,0.6080511368556716,0.7769180942254545,0.1944226273716269,0.1528796796150145,0.06436690064723255,0.06719180977666128,0,0.1388331988768169,0,0.1972974777098058,0,0,0.01983206563540152,0.2047339955781679,0.1061041020524681,0.1005284454932444,0,0.08738215326402854,0.02256016429169229,0,0,0,0,0.007215399058670699
0.4171166494112529,0.4962375065097757,0.5495164081388872,0.7136670181658491,0.6719946198953188,0.1393329109041805,0.01042745742995394,0.005980320994031479,0.02190141654310057,0.07090406352961648,0.1240885719349383,0.1149218937537832,0.1530237828385872,0.1136372303952192,0.1363728666047042,0.3127954004197482,0.1506391853576558,0.1114202046429784,0.02324886850047989,0.2200587511897923,0.3806655723079934,0.4380353332954618,0.490538358721952,0.5581032360364635,0.1935777193788075,0.3420892098042907,0.301636928750744,0.4273559224820073,0,0.002220682533278973,0.1357671145918711,0,0,0,0,0,0,0,0.1092539793943366,0.05438244389112187,0.1151808177423465,0.3958235941979896,0.4831906746637004,0.5054659865837213,0.2069666190233601,0,0,0.06985529044674732,0.009149426875968853,0.164614547809377,0,0.1620102832132634,0,0.004250526163958618,0,0,0,0,0,0,0,0.01002285316762896,0,0
0.4852969847313853,0.5098565133063734,0.7536411134942681,0.9000319315594834,0.5488470651511427,0.03557141499723099,0.07903656281718631,0,0.118517264278162,0,0.05026552429223569,0.1974573495062769,0.2058573846675071,0.3256574092093792,0.2987497056975692,0.437803849003824,0.333466885320081,0.2539256809883621,0.5094154035836711,0.4772659968257716,0.6126504740339594,0.5882571115509264,0.5199328231691041,0.471934630266084,0.3474371366525967,0.2701309381661844,0.1560987615691415,0.5912689521303927,0.3557447393441585,0.428277939397031,0.2089874339957881,0.2858808844026026,0.3915324480564963,0.3484978614028212,0.4072928049424259,0.1557620721940269,0,0.2695396728830056,0.1585624599092139,0,0.1555453052452388,0,0.370720779773426,0.4520883963583819,0.5974350244198013,0.1942765341751642,0.01138641535679225,0,0,0,0.1335093267505723,0.3036831062882479,0.07695045560738173,0,0,0,0,0,0.03196693220260909,0.03889153972929839,0,0.2400651742152998,0,0.08080901414583459
0.6862239105278997,0.529145867446874,1,0.8233117312045617,0.6551899672467555,0.001843640885211897,0.08004140840389566,0.07285900129313055,0.2226655062999014,0.2537225356369301,0.3393771994742319,0.1144398699144416,0.1978672536752511,0.6339148989783536,0.3700196240991787,0.5734557505816161,0.590701404905461,0.5683395819398552,0.7665613429787158,0.6141370326482053,0.3760326064629674,0.4648576790546924,0.4888515755298808,0.5703329814200286,0.2894121134249265,0.2999761028756658,0.5057222619263979,0.3351497843609422,0.498555028721408,0.2554768621307221,0.4077146897936355,0.3289772343780968,0.03628140439688635,0.137379038956663,0,0.4376068902939184,0.2094435970121929,0.2012284728645991,0.1245332886444568,0.200094116987368,0.1956720710995614,0.02685318902953024,0.09735349880418684,0,0.3836101222196614,0.4078363759865147,0.314506909448756,0.1146611212232131,0,0.002027311598114588,0.1611099790023188,0.6322066265290195,0.3002230703384277,0,0.07269994422938424,0.02088717722828954,0.108888433238714,0.2266507711033278,0.03621495338557239,0.1132562834237819,0.0523206603410236,0.122432894804582,0.1114316181596881,0.05557062024420478
0.4709176673783929,0.7178470575690207,1,0.7756147054488117,0.09513680696708551,0.1128623395386059,0,0.1103445970775501,0.1235073567324447,0.3519936994408119,0.3386397764403635,0.5613520070302274,0.5927870368323861,0.4571933297144575,0.5889567578018942,0.7588189468200373,0.8349271066173189,0.9938965646022866,0.8642997787336673,1,0.3348705356660977,0.6355255149723708,0.5996229600495778,0.4125842949166658,0.3257308940432714,0.2961231436668187,0.408463805860898,0.3388092277491627,0.5585205451920916,0.322750912843126,0.2917019756128371,0.2652381752985374,0.3354016282850534,0.3561235877065763,0.4347101974144252,0.2201930747948407,0.2048467804311312,0.18991313554673,0.100230338031784,0.1108539304983425,0.06624341805776762,0,0.1280192716653562,0.1192422326446607,0.09616852254230773,0.29779880677302,0.2903879696982659,0.4693010696935154,0,0,0.2528110450489245,0.09077177751281462,0.1259713828584823,0,0,0.02912298751038833,0.1121554937357003,0.008293700537061287,0.01824859222755918,0,0.0247808644728481,0,0.002813964341761704,0
0.4514879385148871,0.7376122098728127,0.6402852268384763,0.5267576297162382,0.02631898720433097,0.02309835791031983,0.2706785941300517,0.2231149190507369,0.3818337037364286,0.3118125495976315,0.4072622470653128,0.560077744711741,0.7599197553954031,0.720244109729443,0.7812860632688571,0.9334645837807345,0.7078737341285302,0.8725488485544926,0.7334378895449667,0.779956529359082,0.3909353091272101,0.3468346408759242,0.5234237160242303,0.4477635458597373,0.342076060467865,0.2041623691208411,0.4407710685581213,0.4266229398685409,0.380698647714945,0.2439380439371627,0.273524302844694,0.4169099090976664,0.3621588608151451,0.1970328316062604,0.3835193269284423,0.1946666415741913,0.1384402240085843,0.2261417837321081,0.3022738404133239,0.2368981081124212,0,0.1974931516589531,0.08642012988062789,0.0956204018275663,0.1179307476081613,0.167395730438152,0.3553783755167826,0.1495045095712652,0.2880444030577073,0.1963345233790309,0,0,0.1086749742451735,0.04187913643544857,0.07969061994962914,0,0,0,0.2475679960061388,0.1156481275174211,0.0001614037048494501,0,0,0.03343319318926872
0.5473659789584252,0.7775687495334243,0.6860579511875512,0.2389448375526277,0.08796480678543991,0.2051518036482018,0.3790441033021837,0.3570153821042082,0.6130521533150353,0.4651076500656084,0.5978975029774618,0.6244200830037506,0.8110402702174326,1,0.8527389758627083,0.7729398199989814,0.9529623707510417,0.7131993506475219,0.7673078349067428,0.6035150116071455,0.4661579250277702,0.3748470251769254,0.4052363380215621,0.2910122878088465,0.3478693733665696,0.4458191271789176,0.4083589515461665,0.2275779984179735,0.2587458119623018,0.2425650176310279,0.05760386623168159,0.3165184267923416,0.2086715792129094,0.3237553166076317,0.2244980379327256,0.3181358187682914,0,0.2022014797631751,0.3579309026517152,0.1790737364895341,0.1582569399299044,0.1118482828515235,0.003843302097609608,0,0.07500072823246681,0.1433183735261148,0.3951571904019718,0.3357365174852345,0.2662996661443618,0.05684116076134783,0,0.0593023345996249,0,0,0,0.1704961593292068,0,0,0,0.01860158994954821,0,0,0.06780558816334042,0.1595547490897057
0.3453098667268523,0.6113198289224816,0.5556401111622519,0.2185111141749498,0.1960807712742517,0.4935365949311588,0.4026436969354229,0.6273788225437957,0.6674944599579474,0.4805107010871409,0.9492693621851143,0.8280228944496307,1,0.8196467799876098,1,0.9508533788939081,0.6761807280878096,0.840160509919564,0.5857462201941399,0.53480640906174,0.3508346452774256,0.193719652085301,0.3773430812520233,0.561128498266969,0.2622285756456657,0.2326316878352641,0.1358357341617453,0.09420410285718789,0.3234162340295191,0.2896377917147455,0.3246405972913606,0.360997598667693,0.3477383675065339,0.4030642904591875,0.1419767112914551,0.1681274095484609,0.1877457598813186,0.2884352398943207,0.03124404131706343,0.2726182315216952,0.1258954430335573,0.1813287305033634,0.1957902623993811,0.1895471697303995,0.02395947956627173,0.2055537426379824,0.1932032028950229,0.09553740945743094,0.05687277716041897,0.1637718619486762,0,0,0,0.04555351657243289,0.0284584383127388,0.08137273425874075,0.07098978072404512,0,0,0.1231439488425689,0,0.03252767250453072,0,0
0.5993949170001693,0.4262783086023346,0.2809620318559891,0.3581416215161701,0.507447432875177,0.7009394032026003,0.5824427913549963,0.6433139233931502,0.8654527785166064,0.9129012177051435,0.8474204739233148,1,0.7481338633358152,0.9120582025938352,0.7495892119321983,0.8150006858910098,0.6671857386887399,0.6865407045605428,0.4525963543263745,0.3232612458579671,0.2918831747207293,0.562583330389661,0.3634349843356399,0.3698317738897058,0.1690657760743849,0.1345487616452081,0.238125691498649,0.2930388879625727,0.1585149355133026,0.1877383785078214,0.2635155172067258,0.2410018813607535,0.173147930126691,0.06579167504039496,0.04476011633988242,0.1651479781297782,0.2079530041694652,0,0.2595486378414931,0.2438805275237986,0.3084296240219877,0,0,0.004134836122047819,0.1610081122611698,0.1132951273825321,0.06770067131601004,0.1418009373051194,0.1097690037257433,0.221714568105772,0.2054015997187258,0.01640876836036889,0,0,0.06461049955700042,0,0.1447495294764204,0,0,0,0,0,0.07801684345615563,0.03590085535935237
0.4020995985043148,0.4477410052408817,0.1377025929835087,0.1336855104235433,0.7304081871747612,0.8264786840669758,0.8742761568271453,1,0.8921607891622735,0.8991945887251511,0.9766154658370417,0.944625274184074,0.9343961884727766,1,1,0.7495456185384913,0.7461969422425467,0.6504891561415934,0.3162742306857184,0.4842103475475684,0.4605789164649434,0.4660777821131999,0.3664594191308991,0.2996011230414187,0.4015405851054893,0.240799967508061,0.2845346621748854,0.3003850005824171,0.1705012423203034,0.1360386144447361,0.2495908620362366,0.09234615632258975,0.3350957513104655,0.2635674299805202,0.254071417632208,0.1045091657064775,0.3590578058446636,0.1197450642760582,0.2673988355803558,0.1796459917358366,0,0,0,0.001144718050643284,0.07821170468006895,0.1926396349076267,0.04182558599816222,0.242243645426385,0.04156395777840065,0.2233672445532934,0.1164798046894197,0.01637374149963819,0.0254206563860058,0.07516886224134182,0.05083950901308591,5.074188908285898e-05,0,0,0.1236282918632264,0,0,0,0.02179069176033263,0.06726856989738489
0.4593660045831949,0.4894109123584784,0.3750462048074724,0.3421072845128998,0.7471766358813008,1,1,0.9139710515896687,1,1,1,1,0.9900001139326263,1,1,0.8402689047219023,0.6203932012184954,0.3001313231162208,0.1326892695216916,0.4161441484219338,0.5723941334560708,0.529367925261881,0.07819013865895807,0.2946163264140244,0.2779881245480078,0.1684054735497758,0.2292876218893466,0.3279415336526763,0.08603795962801988,0.06238227416077802,0.2990845900224468,0.156208682240884,0.312449844013115,0.2847951830229357,0.2048078142666958,0.2639664211213383,0.3620823385092165,0.1549410268956947,0.2770426941873887,0.1292956204656568,0.20192573102449,0.2236683976211201,0.06949136995184896,0.1738955677386755,0.002157690934261158,0.09927408544134669,0,0.1569083785627326,0.08112567144524746,0.1593433341264902,0.3078833053962782,0.1243221299831454,0.0911218992169933,0.1593609235484887,0.03353694514028918,0,0,0,0.1907884443072899,0.2189924806743286,0.1300219851546781,0,0.07231450952724594,0.09057833711266826
0.2714872629931664,0.2920065238289181,0.4130389184158366,0.8151449255360478,0.9892807432625882,1,0.8898454187030149,1,1,1,1,0.8531723007653603,0.9143099380268617,1,0.8061503909177477,0.612206865717831,0.3283751138979049,0.3114507320394629,0.2127153411799154,0.3925264973627418,0.3201439095185137,0.2777346561732624,0.2556533334316483,0.1957709503996525,0.3929942130882716,0.3395799563177559,0.2901787275858205,0.1170395058483979,0.2834069405917536,0.3010037713785012,0.3479406449100311,0.2036737477270761,0.3830908660966125,0.2116076982049028,0.1747012889385481,0.2100485829357353,0.2083116420984413,0.2869682954599381,0.3146657112934079,0.2158824363236786,0.2777286052475327,0.0791079815413758,0.3480768885606317,0.1726944566197302,0.1899802376353671,0.0027032767445829,0.125650745253799,0.1267183151815073,0.2021374485212807,0.2861688443478073,0.09218278261387043,0.03045465667280106,0.2500421862429845,0.1839487114376414,0.190568441142345,0.1684719978537428,0.06359578630607908,0.002319252214308837,0,0.3431197585065876,0.1113099631073466,0.2907763905460422,0.0852164401485765,0.1642277266485757
0.3239013239919232,0.3915169616389638,0.5685303745977656,0.9540931928851927,1,1,0.9220879659462096,1,0.9073634802933954,1,1,0.9531948514092936,1,0.8100803668182039,0.6756455504097784,0.5732865741301888,0.5682396242188443,0.4020719331737664,0.4489339215192169,0.2698823887565776,0.6320191387182328,0.3411052574483981,0.5407328033996928,0.1847134037951543,0.2222592676571216,0.3337537642690885,0.3152725868896482,0.222235872039035,0.3456976442287206,0.3048665903450835,0.3662225502818259,0.3360741367720592,0.2153632314080683,0.07831918824125084,0.3029921314430523,0.09304750773284261,0.2246526866974859,0.1015302086086809,0.4304724440543365,0,0.3762952025206406,0.241841626319156,0.3391310471407249,0.0805633650440252,0.2024526585852884,0.1578045137045781,0,0.149744299191033,0.2144819172790627,0.199886144018926,0.1830929714584724,0.2868634012239576,0.1572371403362817,0.3509394378402898,0.198693063267026,0,0,0.1265095086688733,0,0.07006433069244673,0.007189124056678792,0.06901524531253582,0,0.1116820166920683
0.4333904094638109,0.6412704299421497,1,1,0.8537632361728344,1,1,1,1,0.9970924919358979,1,1,0.8593876582289037,0.6693932740459914,0.457863214859878,0.5318791134471406,0.5663249421680605,0.6182428331540353,0.2362201487668538,0.2434943960741358,0.3380175083182188,0.1986561883508638,0.1842627168218114,0.1125790119567295,0.1573478532171448,0.3655358310791295,0.3331498359241709,0.3247799779726881,0.4899351593463222,0.3494019642959095,0.2719223694922799,0.2920622617330726,0.1594061565341467,0.3014120835203337,0.3502562710477704,0.2382792181543832,0.348722768951818,0.1707434158570605,0.09985007140062356,0.1301442403672939,0.1986422297823905,0.05288352156538384,0.05562004538666021,0.2784066689600183,0.2367096156504352,0,0,0.1637251649870547,0.2534118164361898,0.2922868662244296,0.06990212575187678,0.1522036646771126,0.1060188705017543,0.3442031335922514,0.1564129486695616,0.1819474450140182,0,0,0.1970012169898045,0.1109553047954677,0,0.02375572631890328,0,0.1751428729077096
0.4915839277130426,0.5873313466884184,0.8824907248457347,1,0.8572902991783559,1,0.885530316220411,1,0.9486219775691259,1,0.9025511758291201,0.9465372315160447,0.8076969687964717,0.502658914138336,0.2861772135798279,0.5601949054978126,0.411095313212872,0.3936662100783877,0.2309628641907553,0.2562228854589643,0.3611178580930601,0.3456052026325271,0.4803465739778409,0,0.2199264951110803,0.4965401820044031,0.3261395221942888,0.3393342254238452,0.4392705558782728,0.4095630752386493,0.4882726947710587,0.3113740135423254,0.2442833547547879,0,0.2667833424412973,0.1852040836365729,0.2469685545364204,0.1775829597908405,0.2781787362770825,0.2809942575767581,0.2047574147159369,0.2846849875693719,0.1907809784357201,0.1754693775925677,0.1939098242246475,0.1967022538573603,0.215522591239835,0.2616499029975169,0.2356370487216205,0.1305890844148376,0.01834574179487111,0.2897442194023503,0.2226173871417929,0.1463147699655847,0.1755040603452165,0,0.109546263691138,0.01353755111268828,0.0184950682238611,0,0,0,0,0.073722607065873
0.6597616798618993,0.714771122145298,1,0.9840156253530961,0.9220803798137622,1,0.7205471648007106,0.9479096992654354,1,0.9996560565476613,1,0.8156986667165643,0.6823267373614857,0.3967870268411438,0.4873216065599784,0.388961115323374,0.5360291868327962,0.2818138237234725,0.3914937217128853,0.2332744147380545,0.2138928288472302,0.2410405417324167,0.449519205174752,0.2875122080318001,0.2378381088793536,0.5067038321939992,0.3133984903966455,0.2329084493592215,0.293566050037417,0.3528067412146393,0.1831911207181255,0.1643549276629908,0.239955584086911,0.1989411894166372,0.01102687590614132,0.1565974447495199,0.3164935800735109,0.5079592003061272,0.3054681449423804,0.3331454389416915,0.1968483904193778,0.2646843751239975,0.3140634889627745,0.3427550262992979,0.2036496735327927,0.2702284727127593,0.09652435771130422,0.07582261326090127,0.218486843078363,0.182702020192649,0.2218614054853708,0.2062322480031281,0.1289810763192054,0.04385205798098188,0.114515396678424,0.1574966443255682,0.05406925484018824,0.0002734867723258186,0.005584266026197626,0,0.05209265104588819,0.1361767230594026,0,0.04510740989964767
0.9331732285482577,0.8005797715722553,1,0.9576316842300023,1,0.9955185661807955,0.7976665512045962,0.9469257611473275,0.8388162044021572,0.9626772830659628,0.8682813119663851,0.5468833102841395,0.3414723394991432,0.5501400926532387,0.4320080930592946,0.6710213754629172,0.2916097237093164,0.3447567115305222,0.3596873077814678,0.21572591164522,0.3168471935396729,0.3033489736349458,0.3286845876470803,0.481889868081875,0.4252846657995838,0.5757478183688765,0.4203404206527497,0.582124742163397,0.3972490126654826,0.2825087803945611,0.2336030563561639,0.07766358508403785,0,0.4290380766796341,0.4021915822176719,0.3610728735130976,0.3811070487560948,0.3549867048109153,0.1971370353230081,0.06128203950299695,0.09498767748257426,0.4761559089790384,0.2425930701764158,0.1374108647709892,0.2644276433107766,0.102173865869649,0.2922626705944893,0.1605145305762309,0.181899043687767,0.2581886206611536,0.2982634456167014,0.1222857359335091,0.297137033957076,0.1642512826879714,0.09908379001447794,0.1136104095461793,0,0,0.06157523847683558,0,0,0,0.1932567383732396,0.0009728297182039769
0.9154763621395197,1,1,0.8972080392789046,1,0.9711745198634095,0.9730329709655438,1,0.8972231097659134,0.9091083821758071,0.8476309336749434,0.4636691037950569,0.5648820909824163,0.4476930840470381,0.7223128617551637,0.4622462055261536,0.314309546097281,0.2655544467473048,0.295691977837193,0.2885749973963779,0.3928467870846289,0.275957173723492,0.2810024273092791,0.2412255685054681,0.607942186274827,0.4952818826153502,0.3778522184928277,0.5092729334171366,0.5959442202293076,0.4681511227637974,0.598568476288925,0.4350790127010472,0.2719949669446555,0.381388874543106,0.4333962046085197,0.3792731427329279,0.2243769863207517,0.2630557025757422,0.2410543715167145,0.1483184740645337,0.180309436091969,0.5001028395658977,0.1446571924938836,0.2779496687553941,0.1698356895373475,0.1570955224595393,0.1017620067279919,0.1837455714844207,0.2107650346628592,0.0957958566792495,0.2235843685105398,0.1683032541982593,0.1919523044287876,0.1721340481491213,0.1434922410716015,0.2055596992354538,0,0.1628544952241042,0.06816818716876415,0.06848543807169126,0.06055723617246968,0.05401014996172346,0.06480749751009265,0.06826687915543421
0.977803427650739,1,1,1,0.9046560000669182,1,1,1,0.8907669220326098,0.7436195347776193,0.6746824144000991,0.463742695394315,0.5814905035193968,0.42047502347438,0.2759374327543885,0.3288583108442377,0.3438656586033106,0.3653925587968065,0.3403097553317853,0.5458836888405192,0.263856813538356,0.3495989662868355,0.3609911364176388,0.3811892193556965,0.4765799010566683,0.337975262856035,0.5301190460565328,0.6857408676026685,0.636086639674736,0.6370899116235834,0.6325965118119352,0.5130153659815049,0.6460024952163802,0.4239848839456509,0.2461701825703865,0.4615132232624812,0.3393541723261834,0.319500528094992,0.454777909103461,0.1609472704788749,0.3109764998116933,0.4925491237452598,0.3536896309603936,0.1848183694386151,0.2639094976979856,0.4012383382799342,0.1698668590895634,0.107232144267435,0,0.08226222715992884,0.3359759283113164,0.1530087715986456,0.1961582831288322,0.1742341800512227,0.2073837147733788,0.1498825032547648,0.3359315037445866,0.1651909432607133,0,0.07639568758452971,0,0.01640188224086992,0,0
0.8995263001180266,0.7886780880996608,1,1,0.8496000792618535,0.9721004033831807,0.9773991470759601,0.9735424212933864,0.9504602138547953,0.8691454061720211,0.3627001608024459,0.4643013369854662,0.2663073720225235,0.4295449397877193,0.4258672262387295,0.4017329466638144,0.2552233298556478,0.3315138445704585,0.1179027793396862,0.316478993311075,0.3633144046601325,0.5444573322342965,0.7240007985376451,0.4983350799941138,0.6974427513405266,0.5275456251619698,0.609817461779853,0.9357627339190275,0.4382404200394143,0.4048564773617911,0.5413718311769612,0.4756553145434745,0.560523066032674,0.503461287693055,0.3805102930391489,0.5247004962594338,0.4870132945478092,0.4492344877966679,0.3860351144337014,0.3859853851373388,0.3332261591770322,0.4200315144370768,0.4215149567544369,0.301421515746391,0.3881985148723668,0.2739589427945429,0.1199401211194384,0.06335005179781977,0.2777633926688305,0.0731342553049299,0.1517815481601789,0,0.1480763746348593,0.04758632320735259,0.1887615842863562,0.07860750119629976,0.0965640883083692,0.1728996722101857,0.04183699681156237,0.04948646250651161,0.1568847269116877,0.2768293588746765,0.153777209167726,0.2168157765727176
0.8767759816361581,1,0.9525718514066995,0.9976435463559595,1,0.9615325180004903,0.955816133940204,0.941536940810286,0.7419268997996606,0.5386686756951663,0.4246852711397463,0.3667598693779505,0.55765340579413,0.3514376273427107,0.2635766645567536,0.3189355303091514,0.5381677552304729,0.3760432845132428,0.3785413331696886,0.5582727805274696,0.560326690001793,0.7072680287922146,0.6555748129042094,0.5935132049120632,0.4768741342344164,0.3430121290408644,0.4931109335639633,0.4932406224765639,0.4367560226086296,0.4639727096496589,0.4420390526887379,0.5074513646648897,0.640431282504112,0.4761859368565256,0.5277377200737032,0.4823170814171711,0.4437870007279892,0.3930847336322008,0.6351207741920164,0.3697774026120198,0.4138142848696423,0.5280469757969464,0.2720764317264764,0.2170760068532176,0.2486298282741656,0.1495458357562903,0.1547715362764456,0.01957029574598308,0.1012487384559354,0.1945186485326502,0.1223814721294949,0,0.08895498929344112,0.01871585596742194,0.2161478642636898,0.2331900066710249,0.2876227860988346,0.08922155813022981,0.09157657961679838,0.2885145667166484,0.4962265916225997,0.675599187202846,0.5691530557859392,0.3427057300532868
1,0.876226038947979,1,0.9962893371694485,1,0.8997812679474074,0.9974959035582998,0.9079621189622427,0.9685754086935841,0.4565316924385337,0.347335471851268,0.5447522509885054,0.4784711268956763,0.445310802203592,0.292905149630489,0.3326375956825853,0.3101596481525755,0.245357181338044,0.3136784831568568,0.2813196341119612,0.4666926903055156,0.488320059737895,0.702380305273583,0.4734504330909942,0.3215776436201437,0.4618041607706501,0.3710026066282322,0.4474662928088028,0.5337182488959745,0.405001744909619,0.394925930243102,0.6749851131988859,0.5616107414884129,0.4709528868356256,0.2442509495005356,0.388301242538182,0.2396073411686033,0.4681371558381585,0.4852150634677103,0.3138384800230336,0.4390706414595165,0.396941577950686,0.3652890547934197,0.200202031176006,0.192506285217232,0.1560438672287372,0.1766192281578335,0.138479352572164,0.2208812906289916,0.1017338402120721,0.116132991667292,0.08693864241865419,0.1428776891084289,0.05458308179714937,0.08147904708249552,0.297678663863598,0.1982580531604019,0,0,0.3193771927594143,0.5452027172549269,0.6709230394385965,0.8278501926097832,0.519092862757017
0.9791892594755487,1,1,0.8555245170280581,1,0.9394469543383068,0.7685732056948771,0.7446490440470755,0.8202303866874811,0.4743652016143233,0.3456684529040352,0.7404813113429501,0.2075239713605763,0.3909113108565572,0.3623780592197311,0.3345400841729878,0.3017250837195892,0.4421222586410597,0.08814815494755074,0.3129055440567397,0.5762158771118651,0.5914426872255221,0.5109752991669795,0.5421461616873393,0.6725293757632574,0.6778937924057646,0.633234643151346,0.4666704750350082,0.497871541602469,0.5534671468477109,0.6868525867265129,0.5805199565570541,0.4399967815349079,0.5445065129624758,0.4694909306865259,0.24426535177737,0.4949659998784882,0.467580498080392,0.4345444539546385,0.2716719052402878,0.4054281153885239,0.3569954422180349,0.2259000563872327,0.2778789108183763,0.2514634299906385,0.02526365673180571,0.08675875725177187,0.2035821629789178,0.2544229194332379,0.160588807589326,0.04078678697114026,0.1016020369813047,0.05264178383123291,0.05479431667021586,0.08675972093551548,0.2781821676864416,0.1245327875104801,0.1461089484412617,0,0,0.1144816713808656,0.5095975368959975,0.3905519940462998,0.2398984648043709
0.9630094667767686,1,0.9245102049517696,0.7574833863772903,0.9668827430341412,1,0.9565061786691389,1,0.6091601917874199,0.2282361261532744,0.2843037446530825,0.3418860726136438,0.4716653993567913,0.2710723836905261,0.3150130345808474,0.3319526826202518,0.2475539321264235,0.1553268999130066,0.432028783210671,0.3704546947602035,0.606882240823269,0.2817975013439564,0.6622412318759227,0.875625057303544,0.5891490153330922,0.7457477178410098,0.6695144795841842,0.5372298880977301,0.5514069360573838,0.4768264837976997,0.3484707387844407,0.4663050747451466,0.6582892228045497,0.7090815582745154,0.3363573798880658,0.1494657676555888,0.2259291434202423,0.3704867394813746,0.3976518933782739,0.6199977112057549,0.3711157599953717,0.3305800705060832,0.2060155571859481,0.2923236446379276,0.1667981687870643,0.05996119691353763,0.1808110340873412,0.1471313920365896,0.4170137969504331,0.04361807428210296,0.2157044911470969,0.1082912730378695,0.01005481116251608,0.03889814322426212,0.009399305727175733,0.03173946615691886,0.01394589696964409,0.1778361735609769,0.04707088030882588,0,0.09938297174248663,0,0,0
1,1,0.9582119271923462,0.9086473189512309,0.9283707673709629,0.9605429525513575,0.9293274009907184,0.7951645724342645,0.5490536184325199,0.2780358098388946,0.2484021031141192,0.4750739207739039,0.4228482106542379,0.2617188054881953,0.156741555838525,0.05756397130463081,0.2287581033399145,0.2700732218971111,0.1804617709103307,0.566015250091306,0.6002830862698,0.6772214515230599,0.9125318788568653,0.5693395875095888,0.6653385520533736,0.5977968522554574,0.4890637609846973,0.7473338190048793,0.3377655233346633,0.5317836996516396,0.6415995039775786,0.5298615516669418,0.4906954922122974,0.4637804418657889,0.5210886368592653,0.426447145826846,0.595402806458998,0.5543152553329105,0.4309310139804965,0.4909090772755002,0.4687222702695648,0.3855503470190933,0.355406062682726,0.1866937003111245,0.3393486272324875,0.1082323834641168,0.2365822119410514,0,0.03121562654140957,0.1958827975127323,0.05669465368839104,0.2491537187425485,0.1949668457891078,0.1992539136371574,0.1320842468352083,0,0.2185927374232043,0.1585152194622353,0.09574176990743297,0,0,0.03037329916987705,0.1019003269357193,0
1,0.8877771063011251,0.9222378099190633,0.9859765278927504,0.9167632290408445,1,1,0.8964944517946274,0.2126027463087087,0.494518930076059,0.4080691012911652,0.160031477580159,0.3281194636402752,0.05095825664562914,0.3801514191881964,0.1507258117057604,0.4137142152082434,0.243269880459888,0.4411926791759137,0.6365956492323703,0.8170015952175325,0.822064817654972,0.625651896798247,0.6658893173995223,0.6480218349146658,0.5132540951768865,0.7191608439893432,0.4576597381061999,0.5750411722352862,0.4024931496688099,0.7468031123474168,0.6639594707494011,0.6722341163733834,0.5635967315828895,0.3553040469549318,0.5782470595915327,0.5562562988036913,0.5615708801754596,0.3929802615648225,0.5933582766120968,0.4841815219592484,0.2672113876401457,0.4411332547807655,0.306578641936925,0.1721282994122621,0.3075102280674572,0.23431697940842,0.0008561339649756639,0.02104917391389804,0.08844709875099825,0.09803315128928933,0.08349580557642264,0.2190935225473887,0,0.1725811019253844,0.09427898448815014,0.03937393355624232,0,0.01273398348326683,0.08086373417530118,0.04901640243500011,0,0.05466403236214434,0.1797366820032557
0.9594519740802243,1,0.9843134392262889,1,1,0.9023166253063801,1,0.8382408304979169,0.3356753423063854,0.3042251094176863,0.3376930650046114,0.4322907805629847,0.2080592209737314,0.2906628622485173,0.4078526970546452,0.354265325719819,0.2934508548023673,0.4059153358945743,0.3691390150737213,0.5875600301016984,0.6822893251451918,0.780623985108896,0.627284555842075,0.7233187524739351,0.5556669379778147,0.7098623123637426,0.5651578907804155,0.8262404737350841,0.5361771803752917,0.5333162252779523,0.5847180518943326,0.6002613465866622,0.3822362925953618,0.4735846079595958,0.6263445787009255,0.7168124490835852,0.6932991314221018,0.3783400802541956,0.6239142974244889,0.5229080182111351,0.5235494099514587,0.3210003049508197,0.3425232393835946,0.2862435614612086,0.140487010502529,0.01290343128725541,0.1808913315675263,0,0,0.2471368589843997,0.2237876449792403,0.1355159895853165,0.1422922602322139,0.287548532189929,0.1460248956053143,0.2849330069790161,0.3695420996825148,0.2956500671387443,0.1801411903798251,0,0.2067441678529449,0.05940213545899991,0,0.2438835943713188
0.9863994643511642,0.9563607436257519,0.9288445445948857,1,0.8462235150863611,0.9762654407315794,1,0.7559895926308801,0.5254236054424315,0.341953800127292,0.2939510422514766,0.4563119819079063,0.3623337690879894,0.3975497933174073,0.2700967634371365,0.1893774904472271,0.1448457963236325,0.2643170972242985,0.3904715492466867,0.8207076726541064,0.6171809085663729,0.8832714628727807,0.6533484495862726,0.6037442393999503,0.8208307312386059,0.4228695623918709,0.4004804840484563,0.4648011786194305,0.5468135946500042,0.5763449631820587,0.353474408230362,0.467951401873379,0.6837180651921698,0.5797231593790382,0.4366212547699992,0.4854270945909732,0.5246499932756419,0.312795121842891,0.3640575106181971,0.2624183304563531,0.4764977406949628,0.5159754468662934,0.331556496853087,0.1062723148531017,0.05199591210618304,0.01884106630179136,0.156813150209788,0.01429501298803414,0.1292151896785889,0.1431451509895742,0.1095202183740171,0.04815846472545291,0.06786249461257376,0.03188156721409946,0,0.1462751272656626,0.07752846379500616,0.02091570776175228,0.04717705792623619,0.1299094872846669,0.04069559217390634,0.01341965583131698,0.03764311804855534,0
0.8844999438616308,0.9845138926851262,1,0.8232580167851939,1,0.8985389889675757,1,0.9566463960930319,0.6053165195174279,0.2655531073279547,0.4249594370437326,0.3165639546497496,0.517112871299391,0.2818713469213665,0.3390696013168411,0.3875937170410116,0.2025253907841151,0.2440051329212858,0.3870335328479101,0.8131426933119938,0.5389082948642383,0.7967724256155946,0.6521317358269015,0.738809708043131,0.685852126348097,0.5641467986913785,0.5798701725804749,0.5797423845580247,0.5812639420153819,0.5897787712212584,0.4909013794446471,0.4542098240865192,0.3548832914955899,0.5867406426471693,0.5673631489050485,0.3415066204733377,0.4006202303359878,0.5441311802075157,0.3777320388483144,0.533439919303388,0.4229751762708527,0.4542108153235898,0.01338368412069163,0.05091577352191204,0.2390831768537611,0.1144018651239342,0.1455971123329064,0.1594270170344342,0.253871196653963,0.1126917682250277,0,0.08675460755659267,0.2634446004778259,0.1007519969247107,0,0.08854426385440892,0.1529414725308986,0.1907405530721348,0.233953785540289,0.2307892530502911,0.01494891608050085,0,0,0.1739398331559984
1,0.8782805148614863,0.8470531244439991,0.9719632851159928,0.9837499454718668,0.9937672457130835,1,0.9919678934820975,0.7155872526176741,0.3502291131681669,0.3954824827634663,0.3798424353711833,0.3505471234616324,0.2499800719491995,0.2876624120615978,0.297949729002344,0.2403203684522942,0.3796349906740584,0.3273118875016041,0.4883081816728349,0.5475904604585202,0.712869202959506,0.7011337492462539,0.5404933807893487,0.5331766298790188,0.6908142225599104,0.4283608127853358,0.3853002977515411,0.5343621438939764,0.5888058910269207,0.614251268964522,0.4593500136662288,0.4141743402296988,0.3625481228151001,0.3482967847863995,0.3503841491836561,0.3729570418336434,0.4412196477256387,0.5753905523185583,0.3644402137920801,0.402112235513151,0.4320569767675887,0.4128718676723253,0.2999119418292799,0.1408538317407209,0.2498372503635591,0.1361668309310718,0.1391639932667799,0.2832536511329387,0.1687688144708203,0.03524086043961747,0.1578281508780588,0.05981710131276683,0.02120402260051554,0,0.1259836237004056,0.06797662891115384,0.08517840592049274,0.1817975227735845,0.1545365483256006,0.001668230655450832,0,0.06368103644815232,0.2458749098020232
1,0.9979737263251469,0.9874907531554797,1,0.8853221176412603,0.9122381834304727,1,0.8404340828231511,0.6482087317649309,0.3428518514957872,0.5104044887607044,0.3728166097577079,0.2688831927239812,0.3138086745829841,0.3295458473416091,0.3978701276281117,0.2170250961079352,0.2612634651749866,0.2532483148407458,0.620298041554872,0.6036736790201294,0.4571258679110189,0.5609693953926287,0.6703774880275389,0.3971226401419484,0.6866734921562913,0.6105149727549335,0.4719715811983772,0.5687610891409922,0.7096907444895593,0.3907335386898137,0.6064097790707039,0.6552376748670752,0.6301102098659734,0.3332258571820812,0.4799655202596173,0.5686643222359791,0.4083638910259249,0.2446415926823607,0.4791352981507213,0.1951097106310913,0.3061363099540941,0.3634294974417084,0.3014233528373047,0.1550928260415567,0.358340905654823,0.3943205604257631,0,0.002808007581349123,0.3038336903602967,0,0.06868308653878874,0.06605315002100696,0.08691912385330321,0.1239254927415165,0.03283721012800972,0.1141550621417867,0,0.07032468843489301,0.01576844532631064,0.0647014532898475,0,0.04464861269990712,0.136213419856978
0.9855849537099969,1,0.9528444738750489,0.9229870078512867,0.9199002180750682,0.9795049008842824,1,0.8931018778970322,0.5542181180631276,0.4352085890180345,0.3047236375676163,0.4430971201056448,0.3352027004845564,0.4055063619569765,0.2478281306921349,0.3075861611754825,0.4384670684678295,0.3831645902501729,0.3023286589569121,0.589093922800791,0.5100150061211298,0.440664046032723,0.5303253557195665,0.4632324406907579,0.424235653767327,0.3473331645409579,0.7011491596743001,0.6449873236212129,0.6143654939811994,0.322302091995227,0.5932370104605686,0.4547566392059484,0.4695564084117682,0.4454775162188466,0.4647328941932491,0.6453105006158734,0.2623067144085928,0.5722873762685751,0.282549748690252,0.1304317531255989,0.3622659210265076,0.2389146068900141,0.345954129892693,0.2329071537083113,0.1802133105199481,0.008009849191389279,0.168353623782,0.04314405294006015,0.1965224044574302,0.2315082874148575,0.1496053958945139,0.03022483371239933,0.1477321173774614,0.1002696891114455,0.07164305462423853,0.01303466171585065,0.1421490605907003,0.1181729210464145,0.2045823762016105,0,0.03084464017112402,0,0,0
0.8886402087517737,0.9822642443084391,0.9899579143099617,1,1,0.955697752301564,0.8819652686149962,0.8619767435713339,0.6839649368553791,0.4247126000922719,0.4171252852467238,0.3514724054667641,0.2412860599399779,0.1342270821740922,0.2127303972786955,0.2822034544983117,0.4254918760044354,0.2947165098383337,0.3073305561642171,0.3192341680920842,0.4989275425507534,0.6933397685297232,0.588711872804232,0.509176816661742,0.4953643248394856,0.4662679708886147,0.4877406435196681,0.5113433538685956,0.5289141684767278,0.4663926656738733,0.6057056928422924,0.5474384473679301,0.5868416437770663,0.5379608324337224,0.4897618161002833,0.4220623528402207,0.4177631400361411,0.4033221991750819,0.4122848957864122,0.2729756271810696,0.4844894326755949,0.1524882035420654,0.1981763350660582,0.3630159182532877,0.1471586044201112,0.2088728942861324,0.2301202205461249,0.1363233249529296,0.1358332524572951,0.1200028534672356,0,0,0.1611247537433254,0.007347396638719736,0.2297582064845491,0.1545621099196289,0,0.005097299653675835,0.09376683133960169,0.009527904191611002,0.08713014253936419,0,0.1436159281117879,0.08979199133909255
0.9792509733753857,1,0.9390251308183619,0.9634078886294184,0.8998349130908503,1,1,0.7877149062378193,0.5601723758917156,0.3899030038056624,0.3165059413060215,0.369848746964368,0.4567909618926643,0.2102871233459571,0.252860070957212,0.3776510939855643,0.2313932609339294,0.3083351838073493,0.5219596573712757,0.4900287824853878,0.6176078382514177,0.705593898816206,0.6478961471660718,0.7704166369954571,0.672018921168693,0.4969794025055793,0.4459988472227573,0.7057110425971934,0.4895932320565307,0.698326242680177,0.4688391466275572,0.4825654159670592,0.4587465972623412,0.5874017089574923,0.5721604576355455,0.2730459151121739,0.4069043752401622,0.4405444224595795,0.2225667557219934,0.3586882150133041,0.09170828942630471,0.3863254829821573,0.3540966207036776,0.2455029520706347,0.1645445079080862,0.1693219705885062,0.1531500804916063,0.2712947002255718,0.02590406198030107,0.08413351499638008,0,0,0.1706768074813144,0,0,0.1076153028565389,0.1198417313066989,0.2223933719724762,0.08166865252828431,0.2819727419573848,0.1152399068194793,0,0.05432640849566768,0.136321919228883
1,0.9829019273226126,1,1,0.9490219344277462,0.9680297543660591,1,1,0.7756563923195005,0.4804385537038041,0.2648822080616699,0.2883957323450977,0.3973728445610178,0.3774727221115453,0.2958995089646826,0.2985604130398606,0.003287485464681938,0.351041894627657,0.3529306828007783,0.6416390416931325,0.5297299269683352,0.5549842331407965,0.7032958302610379,0.8252579902737399,0.6664970224478175,0.7172719400571862,0.4933301367171266,0.4788839217278024,0.3449298568055102,0.5735936905009574,0.4114957704738486,0.5769952282279222,0.5955906468176834,0.3045214992006945,0.4761738585841181,0.2655873574413536,0.3375754844285683,0.2997027505882049,0.4020136892319635,0.3516538515763106,0.2101547896218243,0.1815066421081608,0.2712745883057895,0.2236460106820734,0.08266739611836103,0.3335698928907477,0,0.2316329033724713,0.1070040701665828,0.1226747653007056,0.1563947459622921,0,0.05591667582298102,0.04814780184927029,0.006778226141420068,0.3244120744036946,0.1323347664600646,0.222037370165778,0.1959040100047384,0.2296787218993216,0,0.008426368043744059,0,0.03989893126445102
0.8361976501788386,0.8599571798177433,1,1,0.9837942755156882,0.8443268625818008,0.9025438602471629,1,0.7281943145100614,0.2679246198260484,0.194969839185952,0.2382759132382668,0.3444982915317084,0.485921675947341,0.4686783371547785,0.3359387700771259,0.2618481249719616,0.3742036559964601,0.3887378862652491,0.6338583287616106,0.4609920743868362,0.6652575771069071,0.671800171489635,0.6219492737490363,0.8143290978294655,0.7976401757893283,0.6054590912550724,0.6300160422652663,0.5468690307568866,0.6333869191366497,0.5525486280360543,0.5357511744841585,0.4858689695617461,0.3740130704147334,0.4264303720613263,0.5519977746262492,0.524672316516863,0.3480815150326711,0.3914211873706878,0.4892583701835674,0.1364610286725857,0.3401868648826478,0.2183697619626867,0.09165848585398809,0.1367154695883243,0,0.01599766957738459,0,0.03840036622594269,0.1105414381681404,0,0.01610484072500194,0.1786402088636903,0.0685519041660221,0.1338763722779781,0.1115788262259681,0,0,0.04818574456335464,0.07524717399958773,0.05765385862278032,0.09140127800657318,0.03018332522391821,0
0.4390407035612827,0.7991453876962971,0.9807652127550527,1,1,0.8844172546454846,1,1,0.8549788598206283,0.3927827323049516,0.4026649326426385,0.300040012931049,0.3662216127189369,0.08697332498558791,0.3437922902987029,0.3890195136544931,0.2079328605615342,0.2452975745746259,0.3383369763148027,0.3312502572553769,0.4067505885972406,0.5233607647315437,0.7120876676757237,0.7950351959778836,0.5692955505879189,0.5510811462502432,0.4125037973175456,0.4733850040632271,0.4033236119362881,0.5435269973444742,0.5078166055389054,0.5140490740165577,0.4340223090515567,0.3951145952058542,0.4028854568463704,0.4172119111717117,0.4136266523664593,0.147030713272246,0.2738000900436099,0.3365891461829224,0.357882995898938,0.2660264156136025,0.1771243086519318,0.2100582622929189,0.157862086759351,0,0.004300210966857412,0.03253426464448399,0.1019232603331898,0.03380712714965951,0.1477751465773476,0,0,0.139824515928894,0.08840375941595949,0.2476468777435872,0.1632072774153339,0,0,0.04509346749128187,0,0,0,0
0.7600646674331284,0.8706445234150432,0.9471458210981664,1,0.8115111876189919,0.8291063863356211,0.7924957415203708,0.8122661153769164,0.7486320034108864,0.7081594233294344,0.2693383929374121,0.1806523114528049,0.2434331304903462,0.3075525766152122,0.3318549357510752,0.2412950530321621,0.3070124510369973,0.2309787575263604,0.1220619514964993,0.1827138459919554,0.2270430466957712,0.5482801691527577,0.5071025984893237,0.7502274147803963,0.486403961601265,0.3871965797980062,0.8458614522758632,0.1618863216979882,0.4145552512439113,0.5353270437895821,0.447036437718301,0.31464426552584,0.545702151295379,0.4803865166979946,0.4833158430577989,0.4047997915132142,0.4006543744827936,0.1081142845689272,0.3593059718629439,0.2426665783340856,0.2334422971050774,0.1697177003407486,0,0.1167051079186378,0.1961202178118131,0.1011314986780366,0.08320241910521109,0.0006568832156219617,0.09578658750939564,0.06257761056681226,0.06552745669515415,0.1258750475050133,0.1540310223964149,0.2143370174962722,0.05599926112262646,0.2052278839099924,0.1617741951906239,0.07926847100425902,0.09436279955357169,0.03867896819052364,0,0,0.09796940433004749,0
0.7757867370022529,1,1,0.9156516046036383,0.9018431934966948,0.8434785836078017,0.8721968244325322,0.7450588073490769,0.8038647664076637,0.6787780505779286,0.2096790498825737,0.2434025297071041,0.2816900052886959,0.3330663666691606,0.127734476252106,0.4115273241030314,0.1320302297192107,0.3027801491786556,0.3960379628487209,0.06070597689315216,0.2982339122808706,0.6548214690730021,0.4498703648564504,0.4840716496164773,0.3983371951265762,0.3461324928061606,0.3772648862600504,0.5760920037344993,0.4368432880610846,0.4107141002547192,0.5440293004165148,0.4943093156967807,0.4122003463709188,0.4596079074279306,0.2339196785335147,0.3716255418732995,0.2978538393001112,0.2491333759172439,0.2500418504400901,0.2323914351709517,0,0.1517363679464943,0.1757094660149036,0.1928223374726166,0.1990461668902919,0.1072774064334025,0.1461114698785527,0.1485781414194753,0,0.01159347058752126,0.01151227662901415,0.0224588308438541,0.04739880891120039,0,0.03551174282295315,0.006842047672079521,0.2114438603526966,0.1186967138548228,0.07925964816183861,0.2021241184926226,0,0,0,0
0.9643162608487862,0.9945939791024032,0.9002645949960166,0.8358610135470662,1,0.8072927635848477,0.8091832602961383,0.5656289861076587,0.8252796086452089,0.6836812541628664,0.4498566120265315,0.4371701199551928,0.09180651878921056,0.2479725223703533,0.448638943499488,0.03219034509777385,0.1362004602178155,0.2545399171131484,0.0356707690600748,0.1571240424106103,0,0.2736747422718996,0.5090790837274597,0.4885098049032993,0.5028315097453099,0.6481459519606143,0.4411126188908132,0.4474619958040397,0.2993191930486724,0.5232214860371984,0.4735994684755198,0.3682795234834827,0.4549822576111309,0.4894505623964955,0.3102692746377765,0.4003135335440975,0.5220630419503316,0.164270101317024,0.1756074299980187,0.2385666673923547,0.1230156402703338,0.3182048790768089,0.09634601104810007,0.1065386907191186,0.05548671951546037,0,0.203791421535837,0.1576859649265835,0.02030588668572701,0,0,0.1089284612073936,0,0.007739379062644394,0.3820092865873618,0.2058127022699767,0.1810990790801102,0.2058476055311775,0,0.0363718342085787,0.03223089633741979,0.189299299796777,0,0
1,1,0.9686532917954579,0.833577364836662,0.8960467141967419,0.985758202282784,0.6192140291934863,0.7095455929428027,0.7253166124193619,0.7306185971237716,0.431249768112493,0.2830957227033054,0.1150719696055753,0.2029573018015007,0.1074441223599315,0,0.3040455481234525,0.06523746776026437,0.2415362490478905,0.1310070303094819,0.1716867290438627,0.2096392658887799,0.2343103765685151,0.6694886709044767,0.4026945126105425,0.4771372782530321,0.338697098913371,0.4104679424800414,0.5204086149567008,0.2521797045996866,0.5753141459507074,0.5389601535763312,0.3651048192314457,0.4909102299927058,0.4377505288475393,0.3140719987544369,0.1879328049181916,0.112376687280382,0.1461283877361938,0.1163922259858667,0.1809836243591534,0.09089008120684242,0.1569912033913392,0.05497867626169583,0,0.08275503948298363,0.05334163085677738,0.02903522079836512,0.01738847462062659,0.1879132064280393,0,0.02532779109814638,0.1102470977071941,0.03018219263870388,0.1278639220468562,0.1597866260310212,0.1174626803274848,0,0.03630875064884628,0,0.1981736855139577,0,0.1208561341405555,0.07970827584488116
0.85000086713399,0.986482858366872,0.931453371046434,0.9757354245963356,0.9608856384393175,0.7879902704016992,0.8348503844632164,0.7176903688856389,0.5574237134569208,0.7488135433169255,0.5892498117390209,0.332302515939276,0.2299661068967329,0.2270633273022367,0.2000490915866401,0.2830130483004005,0.2624200433760124,0.2896209385040048,0.1286159381324717,0.2663020750321226,0.1922054435986764,0.07471729138271133,0.4183186790418402,0.4125801699164176,0.6317665738591229,0.5045567755802698,0.5338303968333508,0.4685173032688847,0.500401558591709,0.4961328969301021,0.2676482996223979,0.4194817873524951,0.4751746795952437,0.5915853217427207,0.3534589651882776,0.1757664267912971,0.1657650428098863,0.1942544155662619,0.09631082860595654,0.1818089257186981,0.2446484459678026,0,0.0279002779555141,0.02533886586048451,0.1739094395478053,0.1696243804433971,0.1147104476460517,0,0.1075979905642513,0,0.05773061084744389,0,0.1605283626234446,0.2384796557619582,0.1308855119352443,0.3247339660786043,0,0.03127230599525656,0.003852145418888536,0,0.02996316659647495,0.09774934747133679,0,0.05937743509689757
0.9323565417437446,0.925601971174893,0.857065117912464,0.9110464596567547,0.9136000858856625,0.8189125695880188,0.8359249030157174,0.5871201839151939,0.8063820897387313,0.8343169016423125,0.5528124833789563,0.426449551296865,0.04890963608115692,0.261453829516319,0.1674721269983682,0.2823760883522004,0.2373527758432301,0.1929095189836374,0.230593047951976,0.19001284155008,0.2898263428311685,0.2214623660209191,0,0.3856453404823758,0.2833621601531254,0.2953195858687709,0.41159212179443,0.6102172556998321,0.5301388481501624,0.5533623174535831,0.3178653057794243,0.4046302854153782,0.3978801637222319,0.3438114451069945,0.3665173012463278,0.1547417487347614,0,0.05652396558929523,0.2807004223559328,0.09631266809151269,0.2511115626959131,0,0.05012749622840052,0.05420399315212643,0,0,0.1527620766011633,0.02729147151549587,0,0,0.2037080649790536,0.05409830289987223,0.1109271787925084,0,0.005520393220277559,0,0.05175114561985869,0.02267313270242851,0,0.162825073643589,0,0,0,0
0.871579635318511,0.8735243537727709,0.8561020888305798,0.8201853971691158,0.9239115929024815,0.784497646473616,0.7786826819760606,0.8701089205587014,0.600701492531025,0.8231266981759607,0.7562281888985314,0.4130471098788495,0.3034208787996217,0.2089676062406987,0.2351980836052063,0.146098261427982,0.06134730547615454,0.300329502686324,0.1383705951153661,0.2865706563829755,0.2592522744112367,0.1814636144569687,0.1876330697664819,0.2022329937251259,0.08882765629335197,0.3496626708172531,0.5020026672083856,0.2402060468448574,0.3400152359166981,0.3697038902508291,0.4350264943371518,0.2241924593314241,0.280588115850512,0.1960485678089548,0.2686008558192956,0.06698700338062358,0.06893475574892798,0.2455249198128144,0.02536193617553896,0,0.1073747873298479,0.2018851828139024,0.1182417775555336,0,0.2347777408521492,0.003221345742297287,0.2144899374383672,0.07521555365452798,0.1056633865453741,0.1289487072277946,0,0.2136793533890934,0.137287216972547,0.07344658499310465,0.2024261558364118,0.0487018151782334,0,0,0,0,0,0.03274694705040186,0,0.02463347891383787
0.8000887885146307,0.9623325575774402,0.7925083188870918,0.9142169637920987,0.7925217268196693,0.9803086467914851,0.8311633305824986,0.8318984995037336,0.8145882566843206,0.6590128785975413,0.6802703903577765,0.2866266544329241,0.2307601447692332,0.267578897402879,0.3307373390051788,0.09977546064684997,0.2032701959018689,0.1454704216899546,0.141503835975982,0.1829466879388183,0.2280970287348641,0.255951636432319,0.2153661674686452,0.1428963796399526,0,0.2475331391128179,0.1797691877197216,0.2169898326935098,0.2276370013720879,0.1704772865991513,0,0.2152488532019009,0.09233458103891834,0.1178186523161409,0.1198262521348655,0.256326108688491,0.03086390143473962,0.01850514185185505,0.02249892247781134,0.2551673002394915,0.2682146521795545,0.08531303834762637,0.07805523945111037,0,0.2466979036912039,0.02269677285880971,0.1065279515080645,0.1263983303556336,0.2164830481636779,0.1562553896083179,0.09806366882852997,0,0.01193156052244153,0,0.03534040697171007,0,0.02013837518768741,0.1137029467916787,0,0.03671595986753805,0,0.01314748777807664,0.002087220113864137,0.0455208511988739
0.8255680104902708,0.8208950185058407,0.8157862274490859,0.8048011382742694,0.6387456205934392,0.8717510909225137,0.7021833656759539,0.8237390157711252,0.7067361708438602,0.8106957283652114,0.4329228162694421,0.6804009621332694,0.3261438081946806,0.1311160359918349,0.2048352770731511,0.09561022383284058,0.1798450811297237,0.2839911105040526,0.1036413485167182,0.2014365280562524,0.3000729538231408,0.2423306159426638,0.1567840484519161,0,0.2559762491245641,0.1135884497148296,0.09978389124005878,0.2309386141930695,0.09540062667050456,0.1903491394339637,0.01726548470951758,0.04553271580748459,0.06744800519648403,0.1850017287217329,0.3178930708081809,0.1857108935002642,0.03289868653205404,0.1594473494354636,0,0.2590919708213041,0.07361842767855012,0.01102393476094479,0,0,0.03361379761544493,0.07718040903467241,0,0.07433136770399579,0.1233543014568033,0.002299373804794343,0,0,0,0.1492748953025356,0,0,0,0,0,0.07805925486294119,0,0.01638485388458927,0,0
0.985952325699625,1,0.8051052071414654,0.9137625089479885,0.8622732705112449,0.6753885387188312,0.73693623005828,0.6458582530953859,0.5714510852099783,0.7390474629741512,0.6740144500391424,0.5112149042322919,0.3704590546118742,0.07125847941748306,0.04564216732050518,0.02033749303905166,0,0.04077570437220164,0.219360245299364,0.0749205723504361,0,0.05644830491610116,0.01810084333068987,0.14574242701815,0.187487225360097,0,0.1867072359883629,0,0.05551803430638887,0.116444567949918,0.02039195619252072,0.2623875377757277,0.1364126874427996,0.009767710928975229,0,0.2079552454380389,0,0,0.1195491890674461,0.2001678543513261,0,0.09230957965071876,0.1372366421064943,0.0833320211829772,0,0.02472590177158112,0.01369953850000223,0,0,0,0.1128955185789794,0,0.1838186365217304,0.1435894596146608,0.1268969609964408,0,0,0.05822569979987208,0.02017671620834026,0,0,0,0,0.08336658187088231
0.7039169308619866,0.8730745867085321,0.7594917068358088,0.8822900495338746,0.9000984874190565,0.805812035760333,0.7867522185101622,0.6784485126781792,0.6030455735355873,0.7440446456219806,0.5186598315717093,0.6012532159673624,0.5078945565973955,0.1961864892590037,0.2426949752134216,0.2433644476161896,0.3049250850885528,0.2984152631676127,0.09980219852306046,0.1498158011092001,0.0744863280188203,0.1033029917451788,0.09084458583509403,0.1240594935204742,0.1010201161592564,0,0.09517872345599616,0.11519699786132,0.2557781176223307,0.07620791279403756,0.1269236373214647,0.249714431002879,0.1111943680287779,0.01811202762493616,0,0.05071098902543154,0.1719821831200895,0.06614804305524921,0,0.130972784954496,0.08429291950564616,0,0.1856495347600177,0.06539758391990733,0.09581152853554437,0.06904950743781771,0.1201211973531464,0,0.07025911282459925,0,0.02648071026171012,0.1140995132080351,0,0.117609179451811,0,0.06367932462074005,0.005434727235204304,0,0,0.09078182617854068,0.1985627227698025,0.09514913938322843,0.0570353450863265,0.1466455132594335
0.7268430307808523,0.8115899147759408,0.9086095260340357,0.8931292405447191,0.7970862872429672,0.7868018557902965,0.7265956933271709,0.6679096435816532,0.5192563530986645,0.7641049910987662,0.6306992295683109,0.5936915891253365,0.4552496794934876,0.3599366986378819,0.2886138779120831,0.2486190753311718,0.3452126033483548,0,0.08179532368713843,0.1228968718319668,0.04995285394308699,0.2020655368625013,0.2014960021777999,0.1152983447713261,0.1232528725489129,0.03245968550923038,0.2089155887827968,0.1036768624605476,0.2340778997077215,0.2243910043821862,0.1016788713584797,0.3063429255669143,0.05307799215393821,0.1406075337671188,0.2518731736671862,0.03406919669849639,0.1500710049935531,0,0.04785065533257733,0.05935971874264116,0.1134717896709511,0,0.1178374064391668,0,0.09122673491588632,0,0,0.07177818642157961,0.09638491495103439,0,0.08168309477604763,0.2271197358040631,0.06071457795319141,0.05203486902909073,0,0,0.2239038447638264,0.04952960474867419,0.03043633662796174,0.04034588162136388,0,0,0.0204056952164642,0
0.903778751682456,0.9406247268129634,0.9263251502933481,0.9372022157667783,0.7640522211112536,0.5618889202964652,0.6936905152974131,0.6337215605039643,0.510442056187778,0.5732970467579498,0.6996547152688758,0.4233339206191165,0.5747967563588602,0.4918435511313241,0.4859563838534157,0.0915555473487852,0.03731273167067942,0.1050668367880612,0.2487471593220708,0.07675784123640396,0.1071843685638992,0.005589502177804434,0.129969450986138,0.2940983417580658,0.1955967223707162,0.1310579329192927,0,0.1614401349537021,0.143445642890302,0,0.2133449261945748,0,0.05442757960191542,0.06005446628562703,0,0.1196681700915798,0.0371878907687537,0,0.1546066388974376,0.09229791716874536,0.06489554981154425,0,0.01385205535429996,0.01530832896419713,0.06161007232201903,0.008290270562484096,0.2397119049379767,0.02081243440779088,0.07836455751700791,0.02427358773478352,0.2458346190157746,0,0,0,0,0,0,0,0,0.1874432460270518,0.03770842499321045,0,0.01449758769741124,0.07783261178424636
0.608935093923772,0.6420400512687665,0.9644530800781408,0.7530534459503794,0.7534551548454266,0.6500222854101041,0.5090464777062422,0.5244852564945556,0.6475747016303199,0.5268775876719125,0.4106252944914835,0.5918110942316822,0.5632864716913587,0.4063215014181951,0.4148707222910572,0.2629190260684906,0.1218453052077368,0.171382374930708,0.2361448968290046,0.1054849729996563,0.01794647653077963,0.1710800257054117,0.2257075364644907,0,0.0004199130913300625,0,0.1129690604608445,0,0.07320590128013268,0.07275206738247925,0.2001309983948468,0.08432539484868409,0.1455556077267718,0,0,0,0.2607986280276887,0,0.09011573890771525,0,0.003038868878741455,0.1328490928007467,0,0.03168983989337835,0.03282322354148431,0,0.20729798681109,0,0,0,0,0.1165862732235008,0,0.05893966980951112,0,0.1773284598839474,0.1107154966445157,0.03068744754418755,0,0,0.1006775870181707,0.03396568084287174,0,0
0.5070650473749031,0.2847689785797388,0.5573029040178079,0.4835108100379799,0.5035951070261385,0.7320267697905765,0.6210057370426674,0.6593150124602006,0.4964950327407009,0.4675724310244743,0.5678998628327528,0.4739403980704056,0.724517995218432,0.4986767194266363,0.4447087913332927,0.2848195932535607,0.3078093289208509,0.283345304825975,0.1707908273347469,0.1308514220190451,0.2248639243749953,0.1102293124801162,0.2199514732760001,0.05550227851414799,0.0330861664848966,0.05635839540233496,0.2161167795933595,0.169421949515525,0,0.2027748638491956,0.1484826851881027,0,0.1414160336912156,0.2169485285539633,0,0.1416669911635378,0,0.1780235242540019,0,0.1045662163111646,0.06979672893975072,0.08382210690144683,0,0,0.1363419277010322,0.04143852241962297,0,0.1317701949740352,0,0.07500024885051081,0.1499890848722503,0,0.07908730671953451,0,0,0.08418401774069566,0,0,0.1285555899123781,0,0,0,0.0650578500726965,0
0.5184807116843684,0.6764096594983902,0.3638057166748378,0.3098457337944924,0.5384654886808324,0.7335461790326691,0.8832503237210965,0.6477974326871192,0.3930919800130527,0.2806424262876786,0.5396487227784401,0.3888458713988873,0.3928069235179303,0.6121412655135733,0.4394801862807995,0.3261314354589728,0.3068008394550963,0.2871011135082884,0.1055462228878527,0.1176859887470418,0.1054841459002611,0.07647156427090562,0.1293649322755752,0.1678455786634577,0.07451935995578832,0.05241743364763506,0.1456134983702203,0,0,0,0,0.135570101961627,0.1551981897430045,0.03770086158838773,0.06394312248489532,0.1142386486507086,0.06736842076075045,0.0701570644824026,0.02839953099387526,0.169389506050182,0.06512359977861118,0.009354431944856946,0.1779333249730515,0,0.03338318460414849,0.1146961998566277,0.2584001662394489,0,0,0,0,0.06159783510120879,0,0,0,0,0,0,0,0.2554543451051767,0,0.0792935763654439,0,0
0.5809081836753782,0.6643657394544185,0.1230463923033611,0.4027406321437054,0.3925634474643466,0.5386248243222722,0.3978912678196105,0.6022114484816463,0.491715123988084,0.6622451841671719,0.2914465015112876,0.4761972425880526,0.6193330251384592,0.4491455694280964,0.5665141164419414,0.4158387228834857,0.203850126397805,0.3369803932972626,0.194296778306383,0.2411322848848311,0.1289958504901488,0.1025938445134032,0.07271200476995135,0.2319696979150854,0.1966262963558845,0.07453760942749074,0.1022429192142763,0.1625893276499778,0.205413172081483,0.09424671355335955,0,0.01883030086341154,0.1962327133968245,0.01762874521214874,0.06080428512199566,0.02456102545991783,0.08766275862705777,0.09840469019918077,0.1227082209371929,0.04324031836808803,0,0,0.1445991245668002,0.03414905279942891,0.03562869023102556,0,0,0.1182712613420902,0.03808421341381979,0,0,0,0,0.07499208694906967,0,0.05298304168685036,0.1155791842075842,0,0,0.03166076411225188,0,0,0,0
0.7755740084896651,0.7097528522553294,0.2610307822491873,0.3470904698554916,0.1765292732657326,0.3091783872840619,0.3323585378441388,0.6041106180273039,0.5051083324551024,0.5468845638659936,0.3966404791900568,0.2929772073635647,0.2968578988955706,0.5016851157738151,0.5203931521110831,0.3997542831724818,0.4578707813470858,0.4501342706686493,0.1770508138573022,0.1443376946394457,0.2157056362888214,0,0.04709030868517786,0.1228665895268757,0.04394287158504655,0,0.1137667129568337,0.1002022868856874,0.10396908974615,0.2323556167703693,0.04362883573789404,0.002506881914525319,0.007019544266121155,0.007811873572509051,0.2444231655046363,0,0.1141416605686931,0.1068246299949203,0,0.2532050763703654,0.2026796480807998,0,0.09947074802043344,0.1273967422192195,0.03930052897749951,0,0.1505633260419119,0,0.01554468541961201,0,0.04030288552953687,0,0.1306633071276342,0.04582817795687769,0.05859506601764736,0,0,0.01725070503983068,0.01753582445599905,0.05067246026451066,0,0,0.006233294979425662,0
0.3917388430207821,0.5922234787722017,0.5643697778533648,0.373511616716483,0.3752891198577213,0.4466013524496992,0.3728028740557485,0.4736787036390582,0.4816915501185982,0.6589571199357168,0.3990985092388106,0.4729784968127309,0.3720364612686357,0.4041461634427527,0.3995279585896377,0.3354691950550641,0.4628384656302814,0.2776933244228753,0.2377970438216221,0.244984831950519,0.1529291351687272,0.0966834555262871,0.03233716030774,0.1431660031603355,0.04140114607129106,0.2139906923225196,0.3496959008015992,0.1389612211099112,0.1970843528514308,0.1946754538690954,0,0.008878985148859476,0,0.08305873651343225,0.02669358115068805,0,0.07296311158757457,0.004092298982906181,0.08121434634405936,0,0.1021532462667204,0.08520990054766635,0,0,0,0.07324677788123378,0.1714224938694119,0.03485901559551847,0,0.01865467959732362,0,0.1042870259651388,0,0,0,0,0.05117127028861988,0.01457429396290582,0,0.07636154097882938,0.05004481925818502,0,0.01760513646716865,0
0.241138793858793,0.3369335855893421,0.4698848703938866,0.7101322712503454,0.5077582642142373,0.3455621040538944,0.4551608888953215,0.3954180855573565,0.4485609461210301,0.4437707801788704,0.3321855691068978,0.447883706003098,0.4287249142773472,0.5121784445440906,0.2329988402894046,0.4794962723067634,0.3682749405451209,0.3003023928701409,0.1515847677351203,0.255005489069609,0.04437669120849774,0.2823534857910385,0.3431617256545993,0.131969966187072,0.151817192735676,0,0,0,0.2495736957044255,0.0970727532812897,0,0.08438954030733101,0,0.05983585595066356,0.1215043977317191,0,0,0,0.2601153135799283,0.098054318661768,0.1555055237403477,0.07208526622217747,0,0,0.02086522625574795,0.1631957794001194,0,0.03699773328061054,0.1687781850601869,0,0,0,0.1156576150236377,0,0.03476602117856304,0.1494516058756094,0,0,0,0,0.06923533984622258,0.002845515885086856,0,0
0.5921444635980977,0.2616209482535579,0.6357147803360494,0.6845196497746844,0.4247433359030483,0.3487716608528215,0.3295711987702232,0.4152225149806502,0.419651395798222,0.5884367567788233,0.3993923527427243,0.3802991706478239,0.2268135238016895,0.2375488544844786,0.2618841429780538,0.3630527729396655,0.54780138147081,0.3749947107712618,0.2614024979695146,0.3553451746474939,0.1649598092945314,0,0,0.1462766170708333,0.067459035967493,0.1360572379461667,0.1157615184813513,0.05998429041237984,0,0,0,0,0,0.02884558107376917,0.03111993162336771,0,0.01102520697029082,0.09885154858369424,0,0,0.04597634196881553,0,0.02976851107773658,0,0,0.08191574387689751,0,0.02590008348914401,0,0.05186145588709987,0,0.1236957663246434,0,0,0.09460887205261838,0,0.02522115591912899,0,0,0.08613272977364615,0,0,0.01130158459601508,0.004936513767329716
0.449924209979461,0.1422914814304027,0.3111049459993608,0.297634561985577,0.6496001508702909,0.5278554838814672,0.4479063881259565,0.7642707425298263,0.3519942494641092,0.4949660249657463,0.5299366023267835,0.3005634284736055,0.2010027561245287,0.5602081098358671,0.3164317557543547,0.3065212751470052,0.198959563575518,0.151697476913889,0.1423877496619319,0.2454623809473735,0.1357822146880455,0.1691989032239864,0,0.0703395544297504,0.10371283521206,0.1560210936023178,0.1022012162062768,0.1032197191068235,0,0.08558614358115627,0,0,0.08869687983843541,0.002417860201933846,0.02345284765421919,0.08879581992340102,0.2100827635224855,0,0.194108002012216,0.06116231717915334,0,0.04526508254480736,0.03351857218063026,0.05195161148658473,0,0.1882216983777978,0.02197109787466615,0.138721110515182,0,0.2022138250611446,0.09498490646397238,0.03228232392243232,0,0,0,0.03646898264546135,0.23279057265994,0,0,0.1103964138765531,0,0,0.1038329108717218,0.1581401496933277
0.2840292946454503,0.1187824730053605,0.4927205161963941,0.4111414510743411,0.1942050588299578,0.4542913835408607,0.3622167875947239,0.4977160058964649,0.55714302494539,0.2784824103114787,0.4480119008711778,0.3899523845974521,0.4536163811190819,0.3622244168564431,0.290471173733872,0.4265652160320892,0.179041949892881,0,0.004341944587502561,0,0.08263540245198087,0.3122238415644099,0.02633049912797615,0,0.03937318905137274,0.07994403667477974,0.1949520250282983,0.1290093615652967,0.05342872194287571,0.09599632681968132,0.1821028850048043,0.2298270228701725,0,0,0.100979505741088,0.06791135488261484,0,0,0,0.2018301378769549,0.224865123508912,0,0,0,0.03118171704336006,0.04982377800142637,0,0.02389202063847983,0,0,0.05775525464984195,0,0.05668987813947636,0.1285316777704459,0,0.1980558704355175,0.2103438115982195,0,0,0,0.01791156744184651,0.2408694112479156,0,0
